-2,-12,HnJ/VAABxBT9LiQmqkKnNOFIpxI=,NctsRsf08hqccDNVJuAGwj0At1g=
-3,-13,HnJ/VAABxBT9LiQmqkKnNOFIpxI=,GHpupYlD2n8egEcA1l3fPCbasWI=
-2,-13,HnJ/VAABxBT9LiQmqkKnNOFIpxI=,u2YqUPGejTBlkqjJpyOLj83WFxA=
-3,-12,HnJ/VAABxBT9LiQmqkKnNOFIpxI=,VYwCp7uyW7Oc8ogs6EsVuTdiTEM=
-4,-13,HnJ/VAABxBT9LiQmqkKnNOFIpxI=,GHpupYlD2n8egEcA1l3fPCbasWI=
-4,-12,HnJ/VAABxBT9LiQmqkKnNOFIpxI=,VYwCp7uyW7Oc8ogs6EsVuTdiTEM=
-5,-13,HnJ/VAABxBT9LiQmqkKnNOFIpxI=,FxBg8g+xVKHp3XN7py6pJD82GRQ=
-5,-12,HnJ/VAABxBT9LiQmqkKnNOFIpxI=,elgJylAtRU4zcEmM0f1Mb1b2YvA=
-6,-12,HnJ/VAABxBT9LiQmqkKnNOFIpxI=,elgJylAtRU4zcEmM0f1Mb1b2YvA=
-7,-12,HnJ/VAABxBT9LiQmqkKnNOFIpxI=,aih0kC3VHQL+h03KeXgekiFCg5w=
-6,-13,HnJ/VAABxBT9LiQmqkKnNOFIpxI=,FxBg8g+xVKHp3XN7py6pJD82GRQ=
-7,-13,HnJ/VAABxBT9LiQmqkKnNOFIpxI=,jkKW7nOjqLQakd8qmGsBdyMumaM=
-8,-13,dFU7pKRbIsgpXw8luV/JAesaaCI=,jkKW7nOjqLQakd8qmGsBdyMumaM=
-9,-12,dFU7pKRbIsgpXw8luV/JAesaaCI=,pEdfs7jo5e2qECX6rRWRkR4tOwY=
-8,-12,dFU7pKRbIsgpXw8luV/JAesaaCI=,aih0kC3VHQL+h03KeXgekiFCg5w=
-9,-13,dFU7pKRbIsgpXw8luV/JAesaaCI=,0ixTgIaCmABqRh9n0A4HOpdLwrk=
-11,-12,dFU7pKRbIsgpXw8luV/JAesaaCI=,FEO1BNVvNDvo4tCwnArdMBV07cA=
-11,-13,dFU7pKRbIsgpXw8luV/JAesaaCI=,z0kSTWi1uQToRCMQxDONwbClddI=
-10,-13,dFU7pKRbIsgpXw8luV/JAesaaCI=,0ixTgIaCmABqRh9n0A4HOpdLwrk=
-10,-12,dFU7pKRbIsgpXw8luV/JAesaaCI=,pEdfs7jo5e2qECX6rRWRkR4tOwY=
-13,-12,dFU7pKRbIsgpXw8luV/JAesaaCI=,PD3a2/jVpK2f+JmkU0r2iTU9WZ8=
-13,-13,dFU7pKRbIsgpXw8luV/JAesaaCI=,6xL+GgJYy9iA07vQluUMVBqG4zA=
-12,-13,dFU7pKRbIsgpXw8luV/JAesaaCI=,z0kSTWi1uQToRCMQxDONwbClddI=
-12,-12,dFU7pKRbIsgpXw8luV/JAesaaCI=,FEO1BNVvNDvo4tCwnArdMBV07cA=
-15,-13,dFU7pKRbIsgpXw8luV/JAesaaCI=,6PHXDmoLn/y/9iYo5IX+yxPTJbc=
-15,-12,dFU7pKRbIsgpXw8luV/JAesaaCI=,pQwa2ICAFb6LbAHIQWhgKfrglxU=
-14,-12,dFU7pKRbIsgpXw8luV/JAesaaCI=,PD3a2/jVpK2f+JmkU0r2iTU9WZ8=
-14,-13,dFU7pKRbIsgpXw8luV/JAesaaCI=,6xL+GgJYy9iA07vQluUMVBqG4zA=
-15,-11,cQY8gF8P6pjG/SRPrbsStKx4zaU=,pQwa2ICAFb6LbAHIQWhgKfrglxU=
-14,-10,cQY8gF8P6pjG/SRPrbsStKx4zaU=,VMI8v5pGnks3TZPGt2pUjalgs1I=
-15,-10,cQY8gF8P6pjG/SRPrbsStKx4zaU=,UMOZ3mk/8aVmzBssMZg9A98/xeQ=
-14,-11,cQY8gF8P6pjG/SRPrbsStKx4zaU=,PD3a2/jVpK2f+JmkU0r2iTU9WZ8=
-14,-8,cQY8gF8P6pjG/SRPrbsStKx4zaU=,UnLVK9GhmNL5GJS7rU4L+EOQ+1E=
-15,-8,cQY8gF8P6pjG/SRPrbsStKx4zaU=,5xATBQ+RgKzLfZVV0CAzM3pUM78=
-15,-9,cQY8gF8P6pjG/SRPrbsStKx4zaU=,UMOZ3mk/8aVmzBssMZg9A98/xeQ=
-14,-9,cQY8gF8P6pjG/SRPrbsStKx4zaU=,VMI8v5pGnks3TZPGt2pUjalgs1I=
-12,-11,cQY8gF8P6pjG/SRPrbsStKx4zaU=,FEO1BNVvNDvo4tCwnArdMBV07cA=
-13,-11,cQY8gF8P6pjG/SRPrbsStKx4zaU=,PD3a2/jVpK2f+JmkU0r2iTU9WZ8=
-12,-10,cQY8gF8P6pjG/SRPrbsStKx4zaU=,FX9EbRo4kwmgqAtV+2gqgofV0GI=
-13,-10,cQY8gF8P6pjG/SRPrbsStKx4zaU=,VMI8v5pGnks3TZPGt2pUjalgs1I=
-13,-9,cQY8gF8P6pjG/SRPrbsStKx4zaU=,VMI8v5pGnks3TZPGt2pUjalgs1I=
-12,-9,MbO7P23rjiiEfQ+uZ0pCfaZzfMM=,FX9EbRo4kwmgqAtV+2gqgofV0GI=
-12,-8,MbO7P23rjiiEfQ+uZ0pCfaZzfMM=,+dCdoYCEf63CfxJmoKLxU6Dx/DQ=
-11,-10,MbO7P23rjiiEfQ+uZ0pCfaZzfMM=,FX9EbRo4kwmgqAtV+2gqgofV0GI=
-11,-9,MbO7P23rjiiEfQ+uZ0pCfaZzfMM=,FX9EbRo4kwmgqAtV+2gqgofV0GI=
-13,-8,MbO7P23rjiiEfQ+uZ0pCfaZzfMM=,UnLVK9GhmNL5GJS7rU4L+EOQ+1E=
-10,-10,MbO7P23rjiiEfQ+uZ0pCfaZzfMM=,cDpjytktOD+uSJNBdZ7bUmHMDs8=
-10,-9,MbO7P23rjiiEfQ+uZ0pCfaZzfMM=,cDpjytktOD+uSJNBdZ7bUmHMDs8=
-10,-11,MbO7P23rjiiEfQ+uZ0pCfaZzfMM=,pEdfs7jo5e2qECX6rRWRkR4tOwY=
-10,-8,MbO7P23rjiiEfQ+uZ0pCfaZzfMM=,mTQDV8NfJFHcRKP1hCzjCjLmnSc=
-11,-6,MbO7P23rjiiEfQ+uZ0pCfaZzfMM=,fZESnPAjF/Gkr/pJg+NrL6IEfFM=
-11,-8,MbO7P23rjiiEfQ+uZ0pCfaZzfMM=,+dCdoYCEf63CfxJmoKLxU6Dx/DQ=
-10,-7,MbO7P23rjiiEfQ+uZ0pCfaZzfMM=,mTQDV8NfJFHcRKP1hCzjCjLmnSc=
-10,-6,MbO7P23rjiiEfQ+uZ0pCfaZzfMM=,7C3cAPqp4AKCL2GU5gmsMtHkXRU=
-11,-7,I7djXpOXMst3lmN24Sh6pYuQwKY=,+dCdoYCEf63CfxJmoKLxU6Dx/DQ=
-11,-11,I7djXpOXMst3lmN24Sh6pYuQwKY=,FEO1BNVvNDvo4tCwnArdMBV07cA=
-13,-7,I7djXpOXMst3lmN24Sh6pYuQwKY=,UnLVK9GhmNL5GJS7rU4L+EOQ+1E=
-12,-7,I7djXpOXMst3lmN24Sh6pYuQwKY=,+dCdoYCEf63CfxJmoKLxU6Dx/DQ=
-12,-6,I7djXpOXMst3lmN24Sh6pYuQwKY=,fZESnPAjF/Gkr/pJg+NrL6IEfFM=
-13,-6,I7djXpOXMst3lmN24Sh6pYuQwKY=,/T6kJvELAYjn5yupA1ihUDqWAZE=
-14,-7,I7djXpOXMst3lmN24Sh6pYuQwKY=,UnLVK9GhmNL5GJS7rU4L+EOQ+1E=
-15,-7,I7djXpOXMst3lmN24Sh6pYuQwKY=,5xATBQ+RgKzLfZVV0CAzM3pUM78=
-14,-6,I7djXpOXMst3lmN24Sh6pYuQwKY=,/T6kJvELAYjn5yupA1ihUDqWAZE=
-14,-5,I7djXpOXMst3lmN24Sh6pYuQwKY=,/T6kJvELAYjn5yupA1ihUDqWAZE=
-15,-5,I7djXpOXMst3lmN24Sh6pYuQwKY=,V01/1gVoY4UgIx2QNyE6pUGVQSQ=
-15,-6,I7djXpOXMst3lmN24Sh6pYuQwKY=,V01/1gVoY4UgIx2QNyE6pUGVQSQ=
-14,-4,I7djXpOXMst3lmN24Sh6pYuQwKY=,ufCk+IMcBiSy4R2gj5Lr+lwV13w=
-15,-4,I7djXpOXMst3lmN24Sh6pYuQwKY=,/I0e+Kfi8oTyZG0ZLuMBl+rxMyA=
-14,-2,I7djXpOXMst3lmN24Sh6pYuQwKY=,P25bDKiyiEpB8TXh0NQ28tBc6Bk=
-15,-2,tPeGPmvUr73Kce8CP8YwF7Rp7TQ=,eFeU59qB18bD7rvz2c88kYIPYIc=
-14,-3,tPeGPmvUr73Kce8CP8YwF7Rp7TQ=,ufCk+IMcBiSy4R2gj5Lr+lwV13w=
-15,-3,tPeGPmvUr73Kce8CP8YwF7Rp7TQ=,/I0e+Kfi8oTyZG0ZLuMBl+rxMyA=
-12,-4,tPeGPmvUr73Kce8CP8YwF7Rp7TQ=,eyoKuXjoxJrnUgg8SiiUoUZW+eo=
-12,-5,tPeGPmvUr73Kce8CP8YwF7Rp7TQ=,fZESnPAjF/Gkr/pJg+NrL6IEfFM=
-13,-4,tPeGPmvUr73Kce8CP8YwF7Rp7TQ=,ufCk+IMcBiSy4R2gj5Lr+lwV13w=
-12,-3,tPeGPmvUr73Kce8CP8YwF7Rp7TQ=,eyoKuXjoxJrnUgg8SiiUoUZW+eo=
-12,-2,tPeGPmvUr73Kce8CP8YwF7Rp7TQ=,vU1TZcdmxRc+RZtI6P8sDzaHu0o=
-13,-2,tPeGPmvUr73Kce8CP8YwF7Rp7TQ=,P25bDKiyiEpB8TXh0NQ28tBc6Bk=
-13,-5,tPeGPmvUr73Kce8CP8YwF7Rp7TQ=,/T6kJvELAYjn5yupA1ihUDqWAZE=
-11,-5,tPeGPmvUr73Kce8CP8YwF7Rp7TQ=,fZESnPAjF/Gkr/pJg+NrL6IEfFM=
-13,-3,tPeGPmvUr73Kce8CP8YwF7Rp7TQ=,ufCk+IMcBiSy4R2gj5Lr+lwV13w=
-11,-2,tPeGPmvUr73Kce8CP8YwF7Rp7TQ=,vU1TZcdmxRc+RZtI6P8sDzaHu0o=
-10,-2,tPeGPmvUr73Kce8CP8YwF7Rp7TQ=,D1roleI8HbbY5iDj09csPYnTbUg=
-10,-3,tPeGPmvUr73Kce8CP8YwF7Rp7TQ=,vBqsF8p65p7FI8frwq+zkPa/gTM=
-10,-4,tPeGPmvUr73Kce8CP8YwF7Rp7TQ=,vBqsF8p65p7FI8frwq+zkPa/gTM=
-11,-3,tPeGPmvUr73Kce8CP8YwF7Rp7TQ=,eyoKuXjoxJrnUgg8SiiUoUZW+eo=
-11,-4,tPeGPmvUr73Kce8CP8YwF7Rp7TQ=,eyoKuXjoxJrnUgg8SiiUoUZW+eo=
-10,-5,tPeGPmvUr73Kce8CP8YwF7Rp7TQ=,7C3cAPqp4AKCL2GU5gmsMtHkXRU=
-9,-2,tPeGPmvUr73Kce8CP8YwF7Rp7TQ=,D1roleI8HbbY5iDj09csPYnTbUg=
-8,-2,tPeGPmvUr73Kce8CP8YwF7Rp7TQ=,NX9pKqA339Rnnbl4TnIcngw9Pkk=
-8,-3,tPeGPmvUr73Kce8CP8YwF7Rp7TQ=,99Z24Ri6y6tiuj2dcV1mH1XOgWg=
-9,-3,tPeGPmvUr73Kce8CP8YwF7Rp7TQ=,vBqsF8p65p7FI8frwq+zkPa/gTM=
-7,-2,tPeGPmvUr73Kce8CP8YwF7Rp7TQ=,NX9pKqA339Rnnbl4TnIcngw9Pkk=
-7,-3,tPeGPmvUr73Kce8CP8YwF7Rp7TQ=,99Z24Ri6y6tiuj2dcV1mH1XOgWg=
-6,-2,tPeGPmvUr73Kce8CP8YwF7Rp7TQ=,MwjM97+Swmqmq7D/qvkMuvj8R5A=
-6,-3,tPeGPmvUr73Kce8CP8YwF7Rp7TQ=,fZMh4zXgAw1XQihA+sSRu4NokTc=
-4,-2,tPeGPmvUr73Kce8CP8YwF7Rp7TQ=,Oe+54+bq9XSlPVR3LLv+Lf4tCgY=
-4,-3,tPeGPmvUr73Kce8CP8YwF7Rp7TQ=,svkduTsONpCr1etnXfAB4xqUudE=
-5,-3,H8olRbSKgnTaO/o8fvE2EGNxfnk=,fZMh4zXgAw1XQihA+sSRu4NokTc=
-5,-2,H8olRbSKgnTaO/o8fvE2EGNxfnk=,MwjM97+Swmqmq7D/qvkMuvj8R5A=
-3,-4,H8olRbSKgnTaO/o8fvE2EGNxfnk=,svkduTsONpCr1etnXfAB4xqUudE=
-3,-5,H8olRbSKgnTaO/o8fvE2EGNxfnk=,6uC2wBxttwoGq4wYDLM0eC+Wbjo=
-2,-5,H8olRbSKgnTaO/o8fvE2EGNxfnk=,kCM//O3RU2uAesKXft1r0GrmPlI=
-2,-4,H8olRbSKgnTaO/o8fvE2EGNxfnk=,GkRqdCbJ6gCr4l7Cw/eDrji5hJM=
-2,-6,H8olRbSKgnTaO/o8fvE2EGNxfnk=,kCM//O3RU2uAesKXft1r0GrmPlI=
-2,-7,H8olRbSKgnTaO/o8fvE2EGNxfnk=,q+mD6aazIB7eon6VLZQp+zW7PWg=
-3,-7,H8olRbSKgnTaO/o8fvE2EGNxfnk=,YUw/p+wg5Z4zdY2DrFFhRGy8TrM=
-3,-6,H8olRbSKgnTaO/o8fvE2EGNxfnk=,6uC2wBxttwoGq4wYDLM0eC+Wbjo=
-3,-11,H8olRbSKgnTaO/o8fvE2EGNxfnk=,VYwCp7uyW7Oc8ogs6EsVuTdiTEM=
-2,-11,GWvhMzFuG+mYxnsSk/kXQGgkYPA=,NctsRsf08hqccDNVJuAGwj0At1g=
-2,-9,GWvhMzFuG+mYxnsSk/kXQGgkYPA=,aeiXCjcoL0erqcSSbDccmRHud1Y=
-3,-10,GWvhMzFuG+mYxnsSk/kXQGgkYPA=,z7IPRBBGij3ET3XO5K4v/Vx2XrM=
-3,-8,GWvhMzFuG+mYxnsSk/kXQGgkYPA=,YUw/p+wg5Z4zdY2DrFFhRGy8TrM=
-3,-9,74DDBieBuZAMvOTctngD4n+57Tc=,z7IPRBBGij3ET3XO5K4v/Vx2XrM=
-2,-10,74DDBieBuZAMvOTctngD4n+57Tc=,aeiXCjcoL0erqcSSbDccmRHud1Y=
-4,-10,74DDBieBuZAMvOTctngD4n+57Tc=,z7IPRBBGij3ET3XO5K4v/Vx2XrM=
-2,-8,74DDBieBuZAMvOTctngD4n+57Tc=,q+mD6aazIB7eon6VLZQp+zW7PWg=
-4,-11,74DDBieBuZAMvOTctngD4n+57Tc=,VYwCp7uyW7Oc8ogs6EsVuTdiTEM=
-5,-11,74DDBieBuZAMvOTctngD4n+57Tc=,elgJylAtRU4zcEmM0f1Mb1b2YvA=
-9,-8,74DDBieBuZAMvOTctngD4n+57Tc=,mTQDV8NfJFHcRKP1hCzjCjLmnSc=
-9,-9,74DDBieBuZAMvOTctngD4n+57Tc=,cDpjytktOD+uSJNBdZ7bUmHMDs8=
-9,-11,74DDBieBuZAMvOTctngD4n+57Tc=,pEdfs7jo5e2qECX6rRWRkR4tOwY=
-8,-9,74DDBieBuZAMvOTctngD4n+57Tc=,PDbm74RroceYmB2u60OgrMvh8G4=
-8,-10,74DDBieBuZAMvOTctngD4n+57Tc=,PDbm74RroceYmB2u60OgrMvh8G4=
-6,-10,74DDBieBuZAMvOTctngD4n+57Tc=,Z47dU2XLlGw/XHJzPEqDNkJlzXg=
-5,-10,74DDBieBuZAMvOTctngD4n+57Tc=,Z47dU2XLlGw/XHJzPEqDNkJlzXg=
-8,-8,74DDBieBuZAMvOTctngD4n+57Tc=,2gxoJOcp2UUv/9mqG5J7qL3HyYg=
-7,-10,74DDBieBuZAMvOTctngD4n+57Tc=,PDbm74RroceYmB2u60OgrMvh8G4=
-8,-7,74DDBieBuZAMvOTctngD4n+57Tc=,2gxoJOcp2UUv/9mqG5J7qL3HyYg=
-9,-10,i99JuJzkzbS3kdhJw5uPszAP+LI=,cDpjytktOD+uSJNBdZ7bUmHMDs8=
-7,-9,i99JuJzkzbS3kdhJw5uPszAP+LI=,PDbm74RroceYmB2u60OgrMvh8G4=
-7,-8,i99JuJzkzbS3kdhJw5uPszAP+LI=,2gxoJOcp2UUv/9mqG5J7qL3HyYg=
-7,-11,i99JuJzkzbS3kdhJw5uPszAP+LI=,aih0kC3VHQL+h03KeXgekiFCg5w=
-9,-7,i99JuJzkzbS3kdhJw5uPszAP+LI=,mTQDV8NfJFHcRKP1hCzjCjLmnSc=
-4,-9,i99JuJzkzbS3kdhJw5uPszAP+LI=,z7IPRBBGij3ET3XO5K4v/Vx2XrM=
-6,-11,i99JuJzkzbS3kdhJw5uPszAP+LI=,elgJylAtRU4zcEmM0f1Mb1b2YvA=
-6,-8,i99JuJzkzbS3kdhJw5uPszAP+LI=,PfSItPsYlF/8xiq+ttul3yuTMvI=
-8,-5,i99JuJzkzbS3kdhJw5uPszAP+LI=,lvgWG3wDHd7z5V8DZ+/LqVJq3Q8=
-5,-8,i99JuJzkzbS3kdhJw5uPszAP+LI=,PfSItPsYlF/8xiq+ttul3yuTMvI=
-8,-6,i99JuJzkzbS3kdhJw5uPszAP+LI=,lvgWG3wDHd7z5V8DZ+/LqVJq3Q8=
-8,-4,i99JuJzkzbS3kdhJw5uPszAP+LI=,99Z24Ri6y6tiuj2dcV1mH1XOgWg=
-9,-6,i99JuJzkzbS3kdhJw5uPszAP+LI=,7C3cAPqp4AKCL2GU5gmsMtHkXRU=
-4,-7,i99JuJzkzbS3kdhJw5uPszAP+LI=,YUw/p+wg5Z4zdY2DrFFhRGy8TrM=
-6,-9,i99JuJzkzbS3kdhJw5uPszAP+LI=,Z47dU2XLlGw/XHJzPEqDNkJlzXg=
-5,-9,i99JuJzkzbS3kdhJw5uPszAP+LI=,Z47dU2XLlGw/XHJzPEqDNkJlzXg=
-9,-4,i99JuJzkzbS3kdhJw5uPszAP+LI=,vBqsF8p65p7FI8frwq+zkPa/gTM=
-4,-8,i99JuJzkzbS3kdhJw5uPszAP+LI=,YUw/p+wg5Z4zdY2DrFFhRGy8TrM=
-9,-5,i99JuJzkzbS3kdhJw5uPszAP+LI=,7C3cAPqp4AKCL2GU5gmsMtHkXRU=
-8,-11,i99JuJzkzbS3kdhJw5uPszAP+LI=,aih0kC3VHQL+h03KeXgekiFCg5w=
-4,-4,i99JuJzkzbS3kdhJw5uPszAP+LI=,svkduTsONpCr1etnXfAB4xqUudE=
-4,-5,i99JuJzkzbS3kdhJw5uPszAP+LI=,6uC2wBxttwoGq4wYDLM0eC+Wbjo=
-6,-4,i99JuJzkzbS3kdhJw5uPszAP+LI=,fZMh4zXgAw1XQihA+sSRu4NokTc=
-7,-4,i99JuJzkzbS3kdhJw5uPszAP+LI=,99Z24Ri6y6tiuj2dcV1mH1XOgWg=
-7,-6,i99JuJzkzbS3kdhJw5uPszAP+LI=,lvgWG3wDHd7z5V8DZ+/LqVJq3Q8=
-4,-6,i99JuJzkzbS3kdhJw5uPszAP+LI=,6uC2wBxttwoGq4wYDLM0eC+Wbjo=
-5,-4,i99JuJzkzbS3kdhJw5uPszAP+LI=,fZMh4zXgAw1XQihA+sSRu4NokTc=
-7,-7,i99JuJzkzbS3kdhJw5uPszAP+LI=,2gxoJOcp2UUv/9mqG5J7qL3HyYg=
-5,-6,i99JuJzkzbS3kdhJw5uPszAP+LI=,5d0xq8RbWclLpmOyC1kX6TE/3CQ=
-7,-5,i99JuJzkzbS3kdhJw5uPszAP+LI=,lvgWG3wDHd7z5V8DZ+/LqVJq3Q8=
-6,-6,i99JuJzkzbS3kdhJw5uPszAP+LI=,5d0xq8RbWclLpmOyC1kX6TE/3CQ=
-5,-7,i99JuJzkzbS3kdhJw5uPszAP+LI=,PfSItPsYlF/8xiq+ttul3yuTMvI=
-16,-7,i99JuJzkzbS3kdhJw5uPszAP+LI=,5xATBQ+RgKzLfZVV0CAzM3pUM78=
-6,-5,jFTv0wlpSm+PLobh/bH3v9MoEEk=,5d0xq8RbWclLpmOyC1kX6TE/3CQ=
-16,-10,jFTv0wlpSm+PLobh/bH3v9MoEEk=,UMOZ3mk/8aVmzBssMZg9A98/xeQ=
-16,-8,jFTv0wlpSm+PLobh/bH3v9MoEEk=,5xATBQ+RgKzLfZVV0CAzM3pUM78=
-6,-7,jFTv0wlpSm+PLobh/bH3v9MoEEk=,PfSItPsYlF/8xiq+ttul3yuTMvI=
-16,-6,jFTv0wlpSm+PLobh/bH3v9MoEEk=,V01/1gVoY4UgIx2QNyE6pUGVQSQ=
-16,-13,jFTv0wlpSm+PLobh/bH3v9MoEEk=,6PHXDmoLn/y/9iYo5IX+yxPTJbc=
-16,-9,jFTv0wlpSm+PLobh/bH3v9MoEEk=,UMOZ3mk/8aVmzBssMZg9A98/xeQ=
-5,-5,jFTv0wlpSm+PLobh/bH3v9MoEEk=,5d0xq8RbWclLpmOyC1kX6TE/3CQ=
-16,-12,jFTv0wlpSm+PLobh/bH3v9MoEEk=,pQwa2ICAFb6LbAHIQWhgKfrglxU=
-16,-11,jFTv0wlpSm+PLobh/bH3v9MoEEk=,pQwa2ICAFb6LbAHIQWhgKfrglxU=
-14,-14,jFTv0wlpSm+PLobh/bH3v9MoEEk=,6xL+GgJYy9iA07vQluUMVBqG4zA=
-15,-14,jFTv0wlpSm+PLobh/bH3v9MoEEk=,6PHXDmoLn/y/9iYo5IX+yxPTJbc=
-13,-14,jFTv0wlpSm+PLobh/bH3v9MoEEk=,6xL+GgJYy9iA07vQluUMVBqG4zA=
-12,-14,jFTv0wlpSm+PLobh/bH3v9MoEEk=,z0kSTWi1uQToRCMQxDONwbClddI=
-11,-14,jFTv0wlpSm+PLobh/bH3v9MoEEk=,z0kSTWi1uQToRCMQxDONwbClddI=
-9,-14,jFTv0wlpSm+PLobh/bH3v9MoEEk=,0ixTgIaCmABqRh9n0A4HOpdLwrk=
-10,-14,jFTv0wlpSm+PLobh/bH3v9MoEEk=,0ixTgIaCmABqRh9n0A4HOpdLwrk=
-5,-14,jFTv0wlpSm+PLobh/bH3v9MoEEk=,FxBg8g+xVKHp3XN7py6pJD82GRQ=
-8,-14,jFTv0wlpSm+PLobh/bH3v9MoEEk=,jkKW7nOjqLQakd8qmGsBdyMumaM=
-2,-14,jFTv0wlpSm+PLobh/bH3v9MoEEk=,u2YqUPGejTBlkqjJpyOLj83WFxA=
-3,-14,jFTv0wlpSm+PLobh/bH3v9MoEEk=,GHpupYlD2n8egEcA1l3fPCbasWI=
-4,-14,jFTv0wlpSm+PLobh/bH3v9MoEEk=,GHpupYlD2n8egEcA1l3fPCbasWI=
-13,-15,jFTv0wlpSm+PLobh/bH3v9MoEEk=,VgKAnQNJS4iwU8BohuZ1tx3dNbc=
-11,-15,jFTv0wlpSm+PLobh/bH3v9MoEEk=,ZkAoxlAkHl8BZaZwuKQhXEgzZt0=
-15,-15,jFTv0wlpSm+PLobh/bH3v9MoEEk=,0Ul2S1RYFMsYvaDEy9cMvOz+U70=
-10,-15,jFTv0wlpSm+PLobh/bH3v9MoEEk=,3cpaL6WImtY4XsXlwmkoBfFfCC0=
-7,-14,jFTv0wlpSm+PLobh/bH3v9MoEEk=,jkKW7nOjqLQakd8qmGsBdyMumaM=
-14,-15,jFTv0wlpSm+PLobh/bH3v9MoEEk=,VgKAnQNJS4iwU8BohuZ1tx3dNbc=
-6,-15,jFTv0wlpSm+PLobh/bH3v9MoEEk=,BpTVmIJ9OdYnjcVI6NO1R8Vp6Aw=
-12,-15,jFTv0wlpSm+PLobh/bH3v9MoEEk=,ZkAoxlAkHl8BZaZwuKQhXEgzZt0=
-7,-15,jFTv0wlpSm+PLobh/bH3v9MoEEk=,57/RSiy0wWDu3S38Hc5GTpUncQs=
-2,-15,jFTv0wlpSm+PLobh/bH3v9MoEEk=,97tX5oj/2YSqVtFKUzcUr2FuZNo=
-7,-16,jFTv0wlpSm+PLobh/bH3v9MoEEk=,57/RSiy0wWDu3S38Hc5GTpUncQs=
-6,-14,jFTv0wlpSm+PLobh/bH3v9MoEEk=,FxBg8g+xVKHp3XN7py6pJD82GRQ=
-8,-16,jFTv0wlpSm+PLobh/bH3v9MoEEk=,57/RSiy0wWDu3S38Hc5GTpUncQs=
-9,-16,jFTv0wlpSm+PLobh/bH3v9MoEEk=,3cpaL6WImtY4XsXlwmkoBfFfCC0=
-2,-16,jFTv0wlpSm+PLobh/bH3v9MoEEk=,97tX5oj/2YSqVtFKUzcUr2FuZNo=
-5,-16,jFTv0wlpSm+PLobh/bH3v9MoEEk=,BpTVmIJ9OdYnjcVI6NO1R8Vp6Aw=
-6,-16,jFTv0wlpSm+PLobh/bH3v9MoEEk=,BpTVmIJ9OdYnjcVI6NO1R8Vp6Aw=
-16,-15,jFTv0wlpSm+PLobh/bH3v9MoEEk=,0Ul2S1RYFMsYvaDEy9cMvOz+U70=
-11,-16,jFTv0wlpSm+PLobh/bH3v9MoEEk=,ZkAoxlAkHl8BZaZwuKQhXEgzZt0=
-12,-16,jFTv0wlpSm+PLobh/bH3v9MoEEk=,ZkAoxlAkHl8BZaZwuKQhXEgzZt0=
-4,-15,jFTv0wlpSm+PLobh/bH3v9MoEEk=,R3BJFlzbHxgV3XlYdWeS7rqhZk4=
-10,-16,jFTv0wlpSm+PLobh/bH3v9MoEEk=,3cpaL6WImtY4XsXlwmkoBfFfCC0=
-13,-16,jFTv0wlpSm+PLobh/bH3v9MoEEk=,VgKAnQNJS4iwU8BohuZ1tx3dNbc=
-16,-16,jFTv0wlpSm+PLobh/bH3v9MoEEk=,0Ul2S1RYFMsYvaDEy9cMvOz+U70=
-16,-14,jFTv0wlpSm+PLobh/bH3v9MoEEk=,6PHXDmoLn/y/9iYo5IX+yxPTJbc=
-14,-16,jFTv0wlpSm+PLobh/bH3v9MoEEk=,VgKAnQNJS4iwU8BohuZ1tx3dNbc=
-15,-16,jFTv0wlpSm+PLobh/bH3v9MoEEk=,0Ul2S1RYFMsYvaDEy9cMvOz+U70=
-1,-4,jFTv0wlpSm+PLobh/bH3v9MoEEk=,GkRqdCbJ6gCr4l7Cw/eDrji5hJM=
-1,-5,jFTv0wlpSm+PLobh/bH3v9MoEEk=,kCM//O3RU2uAesKXft1r0GrmPlI=
-4,-1,jFTv0wlpSm+PLobh/bH3v9MoEEk=,Oe+54+bq9XSlPVR3LLv+Lf4tCgY=
-5,-1,jFTv0wlpSm+PLobh/bH3v9MoEEk=,MwjM97+Swmqmq7D/qvkMuvj8R5A=
-3,-3,jFTv0wlpSm+PLobh/bH3v9MoEEk=,svkduTsONpCr1etnXfAB4xqUudE=
-3,-2,jFTv0wlpSm+PLobh/bH3v9MoEEk=,Oe+54+bq9XSlPVR3LLv+Lf4tCgY=
-2,-3,jFTv0wlpSm+PLobh/bH3v9MoEEk=,GkRqdCbJ6gCr4l7Cw/eDrji5hJM=
-6,-1,jFTv0wlpSm+PLobh/bH3v9MoEEk=,MwjM97+Swmqmq7D/qvkMuvj8R5A=
-7,-1,jFTv0wlpSm+PLobh/bH3v9MoEEk=,NX9pKqA339Rnnbl4TnIcngw9Pkk=
-4,-16,jFTv0wlpSm+PLobh/bH3v9MoEEk=,R3BJFlzbHxgV3XlYdWeS7rqhZk4=
-3,-1,jFTv0wlpSm+PLobh/bH3v9MoEEk=,Oe+54+bq9XSlPVR3LLv+Lf4tCgY=
-1,-3,jFTv0wlpSm+PLobh/bH3v9MoEEk=,GkRqdCbJ6gCr4l7Cw/eDrji5hJM=
-3,-16,jFTv0wlpSm+PLobh/bH3v9MoEEk=,R3BJFlzbHxgV3XlYdWeS7rqhZk4=
-8,-1,jFTv0wlpSm+PLobh/bH3v9MoEEk=,NX9pKqA339Rnnbl4TnIcngw9Pkk=
-8,-15,jFTv0wlpSm+PLobh/bH3v9MoEEk=,57/RSiy0wWDu3S38Hc5GTpUncQs=
-13,-1,jFTv0wlpSm+PLobh/bH3v9MoEEk=,P25bDKiyiEpB8TXh0NQ28tBc6Bk=
-15,-1,jFTv0wlpSm+PLobh/bH3v9MoEEk=,eFeU59qB18bD7rvz2c88kYIPYIc=
-10,-1,jFTv0wlpSm+PLobh/bH3v9MoEEk=,D1roleI8HbbY5iDj09csPYnTbUg=
-12,-1,jFTv0wlpSm+PLobh/bH3v9MoEEk=,vU1TZcdmxRc+RZtI6P8sDzaHu0o=
-3,-15,jFTv0wlpSm+PLobh/bH3v9MoEEk=,R3BJFlzbHxgV3XlYdWeS7rqhZk4=
-11,-1,jFTv0wlpSm+PLobh/bH3v9MoEEk=,vU1TZcdmxRc+RZtI6P8sDzaHu0o=
-14,-1,jFTv0wlpSm+PLobh/bH3v9MoEEk=,P25bDKiyiEpB8TXh0NQ28tBc6Bk=
-9,-1,jFTv0wlpSm+PLobh/bH3v9MoEEk=,D1roleI8HbbY5iDj09csPYnTbUg=
-16,-1,jFTv0wlpSm+PLobh/bH3v9MoEEk=,eFeU59qB18bD7rvz2c88kYIPYIc=
-16,-5,jFTv0wlpSm+PLobh/bH3v9MoEEk=,V01/1gVoY4UgIx2QNyE6pUGVQSQ=
-9,-15,jFTv0wlpSm+PLobh/bH3v9MoEEk=,3cpaL6WImtY4XsXlwmkoBfFfCC0=
-5,-15,jFTv0wlpSm+PLobh/bH3v9MoEEk=,BpTVmIJ9OdYnjcVI6NO1R8Vp6Aw=
-1,-9,jFTv0wlpSm+PLobh/bH3v9MoEEk=,aeiXCjcoL0erqcSSbDccmRHud1Y=
-1,-8,jFTv0wlpSm+PLobh/bH3v9MoEEk=,q+mD6aazIB7eon6VLZQp+zW7PWg=
-1,-6,jFTv0wlpSm+PLobh/bH3v9MoEEk=,kCM//O3RU2uAesKXft1r0GrmPlI=
-1,-7,jFTv0wlpSm+PLobh/bH3v9MoEEk=,q+mD6aazIB7eon6VLZQp+zW7PWg=
-1,-11,jFTv0wlpSm+PLobh/bH3v9MoEEk=,NctsRsf08hqccDNVJuAGwj0At1g=
-16,-2,jFTv0wlpSm+PLobh/bH3v9MoEEk=,eFeU59qB18bD7rvz2c88kYIPYIc=
-1,-10,jFTv0wlpSm+PLobh/bH3v9MoEEk=,aeiXCjcoL0erqcSSbDccmRHud1Y=
-16,-4,jFTv0wlpSm+PLobh/bH3v9MoEEk=,/I0e+Kfi8oTyZG0ZLuMBl+rxMyA=
-16,-3,jFTv0wlpSm+PLobh/bH3v9MoEEk=,/I0e+Kfi8oTyZG0ZLuMBl+rxMyA=
-1,-16,jFTv0wlpSm+PLobh/bH3v9MoEEk=,97tX5oj/2YSqVtFKUzcUr2FuZNo=
-1,-15,jFTv0wlpSm+PLobh/bH3v9MoEEk=,97tX5oj/2YSqVtFKUzcUr2FuZNo=
-1,-14,jFTv0wlpSm+PLobh/bH3v9MoEEk=,u2YqUPGejTBlkqjJpyOLj83WFxA=
-1,-13,jFTv0wlpSm+PLobh/bH3v9MoEEk=,u2YqUPGejTBlkqjJpyOLj83WFxA=
-1,-12,jFTv0wlpSm+PLobh/bH3v9MoEEk=,NctsRsf08hqccDNVJuAGwj0At1g=
-1,-2,jFTv0wlpSm+PLobh/bH3v9MoEEk=,sNWMkJB1w/HHFaci5lbiHp1OQ/Y=
-2,-2,jFTv0wlpSm+PLobh/bH3v9MoEEk=,sNWMkJB1w/HHFaci5lbiHp1OQ/Y=
-1,-1,jFTv0wlpSm+PLobh/bH3v9MoEEk=,sNWMkJB1w/HHFaci5lbiHp1OQ/Y=
-2,-1,jFTv0wlpSm+PLobh/bH3v9MoEEk=,sNWMkJB1w/HHFaci5lbiHp1OQ/Y=
-14,-19,8CZHJz1pnTVBVjg8kUA6RkCueN4=,kgnNsoG4szXiebwi0OYniWkpOp0=
-14,-18,8CZHJz1pnTVBVjg8kUA6RkCueN4=,6vk6JIt2v14ERONialu4irLsx24=
-15,-18,8CZHJz1pnTVBVjg8kUA6RkCueN4=,apSriDq6tJ+3+LNCfHMdZCUnXqE=
-15,-19,8CZHJz1pnTVBVjg8kUA6RkCueN4=,wyW5XS9y1E03Kp6WEg1cwlIQv84=
-15,-20,8CZHJz1pnTVBVjg8kUA6RkCueN4=,wyW5XS9y1E03Kp6WEg1cwlIQv84=
-15,-21,8CZHJz1pnTVBVjg8kUA6RkCueN4=,xUbRcgcgo8hVHV4OE6N42IzzBjE=
-14,-21,8CZHJz1pnTVBVjg8kUA6RkCueN4=,TrHj8tsCkOhdTzhva3tZm7Sh7z8=
-14,-20,8CZHJz1pnTVBVjg8kUA6RkCueN4=,kgnNsoG4szXiebwi0OYniWkpOp0=
-12,-21,8CZHJz1pnTVBVjg8kUA6RkCueN4=,LFpq6n5P2iDDx2HUIQobPncP7BA=
-13,-20,8CZHJz1pnTVBVjg8kUA6RkCueN4=,kgnNsoG4szXiebwi0OYniWkpOp0=
-13,-21,8CZHJz1pnTVBVjg8kUA6RkCueN4=,TrHj8tsCkOhdTzhva3tZm7Sh7z8=
-12,-20,8CZHJz1pnTVBVjg8kUA6RkCueN4=,efJ7jrTRj0xTsSfuhVzhdXIhSk8=
-10,-20,8CZHJz1pnTVBVjg8kUA6RkCueN4=,f5lexTa6vTQUtuPNhURVJF08zXk=
-11,-21,8CZHJz1pnTVBVjg8kUA6RkCueN4=,LFpq6n5P2iDDx2HUIQobPncP7BA=
-10,-21,8CZHJz1pnTVBVjg8kUA6RkCueN4=,YKsoWJOAmwDLjY4Di3XQlTqJ9OM=
-11,-20,8CZHJz1pnTVBVjg8kUA6RkCueN4=,efJ7jrTRj0xTsSfuhVzhdXIhSk8=
-8,-20,8CZHJz1pnTVBVjg8kUA6RkCueN4=,7zmYptNmIV3quaNBKSOj5SEbqeQ=
-8,-21,8CZHJz1pnTVBVjg8kUA6RkCueN4=,LWsFak1Pm2EQFkV6fN65V63/bGY=
-9,-21,8CZHJz1pnTVBVjg8kUA6RkCueN4=,YKsoWJOAmwDLjY4Di3XQlTqJ9OM=
-9,-20,8CZHJz1pnTVBVjg8kUA6RkCueN4=,f5lexTa6vTQUtuPNhURVJF08zXk=
-6,-20,ZXobWgo2jjBhu7qkwXWjB7dROOY=,bQMZL/dI4jMpZEvbiLZW8IfmR3Q=
-6,-21,ZXobWgo2jjBhu7qkwXWjB7dROOY=,l5GeUZD8GOppdKgTHUEXdcaEk0Y=
-7,-21,ZXobWgo2jjBhu7qkwXWjB7dROOY=,LWsFak1Pm2EQFkV6fN65V63/bGY=
-7,-20,ZXobWgo2jjBhu7qkwXWjB7dROOY=,7zmYptNmIV3quaNBKSOj5SEbqeQ=
-7,-22,ZXobWgo2jjBhu7qkwXWjB7dROOY=,LWsFak1Pm2EQFkV6fN65V63/bGY=
-7,-23,ZXobWgo2jjBhu7qkwXWjB7dROOY=,3+cHbot5FdMGHmNAnC80Ub4nbBw=
-6,-22,ZXobWgo2jjBhu7qkwXWjB7dROOY=,l5GeUZD8GOppdKgTHUEXdcaEk0Y=
-6,-23,ZXobWgo2jjBhu7qkwXWjB7dROOY=,mGipctrbzKJA/WcH2b4/tMcIM6w=
-4,-20,ZXobWgo2jjBhu7qkwXWjB7dROOY=,mRR0La5GvTucilh64096yoGcxDE=
-5,-20,ZXobWgo2jjBhu7qkwXWjB7dROOY=,bQMZL/dI4jMpZEvbiLZW8IfmR3Q=
-5,-21,ZXobWgo2jjBhu7qkwXWjB7dROOY=,l5GeUZD8GOppdKgTHUEXdcaEk0Y=
-4,-21,ZXobWgo2jjBhu7qkwXWjB7dROOY=,2V5y/7maPQbUyJkTrqa+EyvlMRE=
-4,-23,ZXobWgo2jjBhu7qkwXWjB7dROOY=,l5GeUZD8GOppdKgTHUEXdcaEk0Y=
-4,-19,ZBZVt5jX3Tyr9WaeTvIxnSg5IYc=,mRR0La5GvTucilh64096yoGcxDE=
-5,-19,ZBZVt5jX3Tyr9WaeTvIxnSg5IYc=,bQMZL/dI4jMpZEvbiLZW8IfmR3Q=
-5,-23,ZBZVt5jX3Tyr9WaeTvIxnSg5IYc=,mGipctrbzKJA/WcH2b4/tMcIM6w=
-4,-22,ZBZVt5jX3Tyr9WaeTvIxnSg5IYc=,2V5y/7maPQbUyJkTrqa+EyvlMRE=
-4,-18,ZBZVt5jX3Tyr9WaeTvIxnSg5IYc=,V/Lr03UHh9rFsDxiXOPCmt0F9+g=
-5,-18,ZBZVt5jX3Tyr9WaeTvIxnSg5IYc=,tn5bNTKFe/66ZRJL+hdiRLR46yY=
-3,-20,ZBZVt5jX3Tyr9WaeTvIxnSg5IYc=,mRR0La5GvTucilh64096yoGcxDE=
-2,-19,ZBZVt5jX3Tyr9WaeTvIxnSg5IYc=,Yn+/AB9O0iQZ1V3RB60QncEEfes=
-3,-19,ZBZVt5jX3Tyr9WaeTvIxnSg5IYc=,mRR0La5GvTucilh64096yoGcxDE=
-3,-18,ZBZVt5jX3Tyr9WaeTvIxnSg5IYc=,V/Lr03UHh9rFsDxiXOPCmt0F9+g=
-5,-22,ZBZVt5jX3Tyr9WaeTvIxnSg5IYc=,l5GeUZD8GOppdKgTHUEXdcaEk0Y=
-2,-20,ZBZVt5jX3Tyr9WaeTvIxnSg5IYc=,Yn+/AB9O0iQZ1V3RB60QncEEfes=
-2,-18,ZBZVt5jX3Tyr9WaeTvIxnSg5IYc=,mbMSJkcOmYVeH43zMEnkUnVpAkE=
-3,-21,ZBZVt5jX3Tyr9WaeTvIxnSg5IYc=,2V5y/7maPQbUyJkTrqa+EyvlMRE=
-1,-20,ZBZVt5jX3Tyr9WaeTvIxnSg5IYc=,Yn+/AB9O0iQZ1V3RB60QncEEfes=
-2,-21,x81XcL6KV/7yrtDMhLvMuU7Ukq0=,Lo/O1MDuaoxwtgfzp6wGTqAMD4I=
-1,-21,x81XcL6KV/7yrtDMhLvMuU7Ukq0=,Lo/O1MDuaoxwtgfzp6wGTqAMD4I=
-1,-22,x81XcL6KV/7yrtDMhLvMuU7Ukq0=,Lo/O1MDuaoxwtgfzp6wGTqAMD4I=
-2,-17,x81XcL6KV/7yrtDMhLvMuU7Ukq0=,mbMSJkcOmYVeH43zMEnkUnVpAkE=
-1,-23,x81XcL6KV/7yrtDMhLvMuU7Ukq0=,2V5y/7maPQbUyJkTrqa+EyvlMRE=
-2,-22,x81XcL6KV/7yrtDMhLvMuU7Ukq0=,Lo/O1MDuaoxwtgfzp6wGTqAMD4I=
-2,-23,x81XcL6KV/7yrtDMhLvMuU7Ukq0=,2V5y/7maPQbUyJkTrqa+EyvlMRE=
-3,-17,x81XcL6KV/7yrtDMhLvMuU7Ukq0=,V/Lr03UHh9rFsDxiXOPCmt0F9+g=
-3,-23,x81XcL6KV/7yrtDMhLvMuU7Ukq0=,l5GeUZD8GOppdKgTHUEXdcaEk0Y=
-4,-17,x81XcL6KV/7yrtDMhLvMuU7Ukq0=,V/Lr03UHh9rFsDxiXOPCmt0F9+g=
-3,-22,x81XcL6KV/7yrtDMhLvMuU7Ukq0=,2V5y/7maPQbUyJkTrqa+EyvlMRE=
-6,-19,x81XcL6KV/7yrtDMhLvMuU7Ukq0=,bQMZL/dI4jMpZEvbiLZW8IfmR3Q=
-7,-18,x81XcL6KV/7yrtDMhLvMuU7Ukq0=,CZ+xar9fdJCsGceHHWT7DWXh6/Q=
-5,-17,x81XcL6KV/7yrtDMhLvMuU7Ukq0=,tn5bNTKFe/66ZRJL+hdiRLR46yY=
-7,-19,x81XcL6KV/7yrtDMhLvMuU7Ukq0=,7zmYptNmIV3quaNBKSOj5SEbqeQ=
-9,-19,x81XcL6KV/7yrtDMhLvMuU7Ukq0=,f5lexTa6vTQUtuPNhURVJF08zXk=
-9,-18,x81XcL6KV/7yrtDMhLvMuU7Ukq0=,UHOBd1I2f4ZFMf9F5NWKmUH07pI=
-6,-18,x81XcL6KV/7yrtDMhLvMuU7Ukq0=,tn5bNTKFe/66ZRJL+hdiRLR46yY=
-8,-18,x81XcL6KV/7yrtDMhLvMuU7Ukq0=,CZ+xar9fdJCsGceHHWT7DWXh6/Q=
-8,-19,BZ5chwmsLR43UHBntlSdJJ4H0Oo=,7zmYptNmIV3quaNBKSOj5SEbqeQ=
-7,-17,BZ5chwmsLR43UHBntlSdJJ4H0Oo=,CZ+xar9fdJCsGceHHWT7DWXh6/Q=
-6,-17,BZ5chwmsLR43UHBntlSdJJ4H0Oo=,tn5bNTKFe/66ZRJL+hdiRLR46yY=
-13,-19,BZ5chwmsLR43UHBntlSdJJ4H0Oo=,kgnNsoG4szXiebwi0OYniWkpOp0=
-13,-18,BZ5chwmsLR43UHBntlSdJJ4H0Oo=,6vk6JIt2v14ERONialu4irLsx24=
-12,-19,BZ5chwmsLR43UHBntlSdJJ4H0Oo=,efJ7jrTRj0xTsSfuhVzhdXIhSk8=
-8,-17,BZ5chwmsLR43UHBntlSdJJ4H0Oo=,CZ+xar9fdJCsGceHHWT7DWXh6/Q=
-13,-17,BZ5chwmsLR43UHBntlSdJJ4H0Oo=,6vk6JIt2v14ERONialu4irLsx24=
-10,-17,BZ5chwmsLR43UHBntlSdJJ4H0Oo=,UHOBd1I2f4ZFMf9F5NWKmUH07pI=
-9,-17,BZ5chwmsLR43UHBntlSdJJ4H0Oo=,UHOBd1I2f4ZFMf9F5NWKmUH07pI=
-15,-17,BZ5chwmsLR43UHBntlSdJJ4H0Oo=,apSriDq6tJ+3+LNCfHMdZCUnXqE=
-11,-19,BZ5chwmsLR43UHBntlSdJJ4H0Oo=,efJ7jrTRj0xTsSfuhVzhdXIhSk8=
-10,-18,BZ5chwmsLR43UHBntlSdJJ4H0Oo=,UHOBd1I2f4ZFMf9F5NWKmUH07pI=
-10,-19,BZ5chwmsLR43UHBntlSdJJ4H0Oo=,f5lexTa6vTQUtuPNhURVJF08zXk=
-14,-17,BZ5chwmsLR43UHBntlSdJJ4H0Oo=,6vk6JIt2v14ERONialu4irLsx24=
-14,-22,BZ5chwmsLR43UHBntlSdJJ4H0Oo=,TrHj8tsCkOhdTzhva3tZm7Sh7z8=
-15,-22,BZ5chwmsLR43UHBntlSdJJ4H0Oo=,xUbRcgcgo8hVHV4OE6N42IzzBjE=
-13,-22,BZ5chwmsLR43UHBntlSdJJ4H0Oo=,TrHj8tsCkOhdTzhva3tZm7Sh7z8=
-8,-22,BZ5chwmsLR43UHBntlSdJJ4H0Oo=,LWsFak1Pm2EQFkV6fN65V63/bGY=
-8,-23,BZ5chwmsLR43UHBntlSdJJ4H0Oo=,3+cHbot5FdMGHmNAnC80Ub4nbBw=
-12,-22,BZ5chwmsLR43UHBntlSdJJ4H0Oo=,LFpq6n5P2iDDx2HUIQobPncP7BA=
-16,-19,BZ5chwmsLR43UHBntlSdJJ4H0Oo=,wyW5XS9y1E03Kp6WEg1cwlIQv84=
-1,-19,BZ5chwmsLR43UHBntlSdJJ4H0Oo=,Yn+/AB9O0iQZ1V3RB60QncEEfes=
-16,-18,BZ5chwmsLR43UHBntlSdJJ4H0Oo=,apSriDq6tJ+3+LNCfHMdZCUnXqE=
-7,-24,BZ5chwmsLR43UHBntlSdJJ4H0Oo=,3+cHbot5FdMGHmNAnC80Ub4nbBw=
-2,-24,BZ5chwmsLR43UHBntlSdJJ4H0Oo=,2V5y/7maPQbUyJkTrqa+EyvlMRE=
-11,-18,BZ5chwmsLR43UHBntlSdJJ4H0Oo=,aCHq1WVTvBTJN14SLDqHRzhpo4Q=
-11,-17,BZ5chwmsLR43UHBntlSdJJ4H0Oo=,aCHq1WVTvBTJN14SLDqHRzhpo4Q=
-15,-23,BZ5chwmsLR43UHBntlSdJJ4H0Oo=,efqv85feecN7FbARVpdY28vodjs=
-8,-24,BZ5chwmsLR43UHBntlSdJJ4H0Oo=,3+cHbot5FdMGHmNAnC80Ub4nbBw=
-14,-23,BZ5chwmsLR43UHBntlSdJJ4H0Oo=,MY3kT1CvLqJ1/z0q6ztiUEhkbJQ=
-14,-24,BZ5chwmsLR43UHBntlSdJJ4H0Oo=,MY3kT1CvLqJ1/z0q6ztiUEhkbJQ=
-1,-24,BZ5chwmsLR43UHBntlSdJJ4H0Oo=,2V5y/7maPQbUyJkTrqa+EyvlMRE=
-1,-17,BZ5chwmsLR43UHBntlSdJJ4H0Oo=,mbMSJkcOmYVeH43zMEnkUnVpAkE=
-13,-23,BZ5chwmsLR43UHBntlSdJJ4H0Oo=,MY3kT1CvLqJ1/z0q6ztiUEhkbJQ=
-12,-17,BZ5chwmsLR43UHBntlSdJJ4H0Oo=,aCHq1WVTvBTJN14SLDqHRzhpo4Q=
-10,-22,BZ5chwmsLR43UHBntlSdJJ4H0Oo=,YKsoWJOAmwDLjY4Di3XQlTqJ9OM=
-15,-24,BZ5chwmsLR43UHBntlSdJJ4H0Oo=,efqv85feecN7FbARVpdY28vodjs=
-16,-20,BZ5chwmsLR43UHBntlSdJJ4H0Oo=,wyW5XS9y1E03Kp6WEg1cwlIQv84=
-13,-24,BZ5chwmsLR43UHBntlSdJJ4H0Oo=,MY3kT1CvLqJ1/z0q6ztiUEhkbJQ=
-16,-24,BZ5chwmsLR43UHBntlSdJJ4H0Oo=,efqv85feecN7FbARVpdY28vodjs=
-12,-18,BZ5chwmsLR43UHBntlSdJJ4H0Oo=,aCHq1WVTvBTJN14SLDqHRzhpo4Q=
-16,-21,BZ5chwmsLR43UHBntlSdJJ4H0Oo=,xUbRcgcgo8hVHV4OE6N42IzzBjE=
-9,-22,BZ5chwmsLR43UHBntlSdJJ4H0Oo=,YKsoWJOAmwDLjY4Di3XQlTqJ9OM=
-1,-18,BZ5chwmsLR43UHBntlSdJJ4H0Oo=,mbMSJkcOmYVeH43zMEnkUnVpAkE=
-16,-17,BZ5chwmsLR43UHBntlSdJJ4H0Oo=,apSriDq6tJ+3+LNCfHMdZCUnXqE=
-12,-23,BZ5chwmsLR43UHBntlSdJJ4H0Oo=,eO7O0zTlcJCZqYYnR2OPKWZSU/k=
-11,-22,BZ5chwmsLR43UHBntlSdJJ4H0Oo=,LFpq6n5P2iDDx2HUIQobPncP7BA=
-6,-24,BZ5chwmsLR43UHBntlSdJJ4H0Oo=,mGipctrbzKJA/WcH2b4/tMcIM6w=
-11,-23,BZ5chwmsLR43UHBntlSdJJ4H0Oo=,eO7O0zTlcJCZqYYnR2OPKWZSU/k=
-5,-24,BZ5chwmsLR43UHBntlSdJJ4H0Oo=,mGipctrbzKJA/WcH2b4/tMcIM6w=
-16,-23,BZ5chwmsLR43UHBntlSdJJ4H0Oo=,efqv85feecN7FbARVpdY28vodjs=
-16,-22,BZ5chwmsLR43UHBntlSdJJ4H0Oo=,xUbRcgcgo8hVHV4OE6N42IzzBjE=
-4,-24,BZ5chwmsLR43UHBntlSdJJ4H0Oo=,l5GeUZD8GOppdKgTHUEXdcaEk0Y=
-3,-24,BZ5chwmsLR43UHBntlSdJJ4H0Oo=,l5GeUZD8GOppdKgTHUEXdcaEk0Y=
-12,-24,BZ5chwmsLR43UHBntlSdJJ4H0Oo=,eO7O0zTlcJCZqYYnR2OPKWZSU/k=
-9,-24,BZ5chwmsLR43UHBntlSdJJ4H0Oo=,2kNNQ0c4GOyLjbh1r7Xk60cC+g8=
-11,-24,BZ5chwmsLR43UHBntlSdJJ4H0Oo=,eO7O0zTlcJCZqYYnR2OPKWZSU/k=
-9,-23,BZ5chwmsLR43UHBntlSdJJ4H0Oo=,2kNNQ0c4GOyLjbh1r7Xk60cC+g8=
-10,-24,BZ5chwmsLR43UHBntlSdJJ4H0Oo=,2kNNQ0c4GOyLjbh1r7Xk60cC+g8=
-10,-23,BZ5chwmsLR43UHBntlSdJJ4H0Oo=,2kNNQ0c4GOyLjbh1r7Xk60cC+g8=
-21,-22,IvG6kqxFUfNHsUaL8qLbBWeInTE=,4NI4CCSaSM5ZsXYXzkjfl2MemGs=
-20,-22,IvG6kqxFUfNHsUaL8qLbBWeInTE=,R8vqRk4QhNUZuBB+xbD+7gTn8e8=
-20,-23,IvG6kqxFUfNHsUaL8qLbBWeInTE=,D+CQB8jxg2GTg2izpRlmirXPeAs=
-21,-23,IvG6kqxFUfNHsUaL8qLbBWeInTE=,0zn2X7pSzO1BOwUxxPxzZew/NxM=
-22,-20,IvG6kqxFUfNHsUaL8qLbBWeInTE=,0annw3+hkiOE06OBKwiaY31Ukrw=
-23,-20,IvG6kqxFUfNHsUaL8qLbBWeInTE=,0annw3+hkiOE06OBKwiaY31Ukrw=
-23,-21,IvG6kqxFUfNHsUaL8qLbBWeInTE=,S5k31OoHZ89rhfDjwUsXjNLZJXw=
-22,-21,IvG6kqxFUfNHsUaL8qLbBWeInTE=,4NI4CCSaSM5ZsXYXzkjfl2MemGs=
-21,-21,IvG6kqxFUfNHsUaL8qLbBWeInTE=,4NI4CCSaSM5ZsXYXzkjfl2MemGs=
-20,-21,IvG6kqxFUfNHsUaL8qLbBWeInTE=,R8vqRk4QhNUZuBB+xbD+7gTn8e8=
-20,-20,IvG6kqxFUfNHsUaL8qLbBWeInTE=,hMW7vkMMdaVit2GKKqHJ8X6sIRM=
-21,-20,IvG6kqxFUfNHsUaL8qLbBWeInTE=,0annw3+hkiOE06OBKwiaY31Ukrw=
-21,-19,izQDt7rCL+gwU6GQ7c1k4KiDasc=,0annw3+hkiOE06OBKwiaY31Ukrw=
-20,-19,izQDt7rCL+gwU6GQ7c1k4KiDasc=,hMW7vkMMdaVit2GKKqHJ8X6sIRM=
-21,-18,izQDt7rCL+gwU6GQ7c1k4KiDasc=,4cbwV9yZIyFbLxnhwiyh1Ce4pm4=
-20,-18,izQDt7rCL+gwU6GQ7c1k4KiDasc=,IU6Dex3Ywk3hNBCMJchh6VDyvco=
-23,-19,izQDt7rCL+gwU6GQ7c1k4KiDasc=,0annw3+hkiOE06OBKwiaY31Ukrw=
-22,-19,izQDt7rCL+gwU6GQ7c1k4KiDasc=,0annw3+hkiOE06OBKwiaY31Ukrw=
-23,-18,izQDt7rCL+gwU6GQ7c1k4KiDasc=,UkcZIRW9Uy+Sstnp1TrWRRcYHyU=
-22,-18,izQDt7rCL+gwU6GQ7c1k4KiDasc=,4cbwV9yZIyFbLxnhwiyh1Ce4pm4=
-19,-19,izQDt7rCL+gwU6GQ7c1k4KiDasc=,hMW7vkMMdaVit2GKKqHJ8X6sIRM=
-18,-19,izQDt7rCL+gwU6GQ7c1k4KiDasc=,1DEvE6ESVNp6AZV0Pb/d/7I/3i8=
-18,-20,izQDt7rCL+gwU6GQ7c1k4KiDasc=,1DEvE6ESVNp6AZV0Pb/d/7I/3i8=
-19,-18,izQDt7rCL+gwU6GQ7c1k4KiDasc=,IU6Dex3Ywk3hNBCMJchh6VDyvco=
-18,-18,izQDt7rCL+gwU6GQ7c1k4KiDasc=,QyV1tHgJ0h2vSAdFhDuhzPDKIVE=
-19,-20,izQDt7rCL+gwU6GQ7c1k4KiDasc=,hMW7vkMMdaVit2GKKqHJ8X6sIRM=
-18,-21,fF754g3hNoCvk56AgNVuzgIeq8I=,efqv85feecN7FbARVpdY28vodjs=
-19,-21,fF754g3hNoCvk56AgNVuzgIeq8I=,R8vqRk4QhNUZuBB+xbD+7gTn8e8=
-17,-21,fF754g3hNoCvk56AgNVuzgIeq8I=,efqv85feecN7FbARVpdY28vodjs=
-19,-22,fF754g3hNoCvk56AgNVuzgIeq8I=,R8vqRk4QhNUZuBB+xbD+7gTn8e8=
-17,-20,fF754g3hNoCvk56AgNVuzgIeq8I=,1DEvE6ESVNp6AZV0Pb/d/7I/3i8=
-18,-22,fF754g3hNoCvk56AgNVuzgIeq8I=,efqv85feecN7FbARVpdY28vodjs=
-19,-23,fF754g3hNoCvk56AgNVuzgIeq8I=,D+CQB8jxg2GTg2izpRlmirXPeAs=
-17,-22,fF754g3hNoCvk56AgNVuzgIeq8I=,efqv85feecN7FbARVpdY28vodjs=
-18,-23,fF754g3hNoCvk56AgNVuzgIeq8I=,hifn4GzuaDosxP6LPdRH4MHPlSQ=
-17,-19,fF754g3hNoCvk56AgNVuzgIeq8I=,1DEvE6ESVNp6AZV0Pb/d/7I/3i8=
-24,-21,fF754g3hNoCvk56AgNVuzgIeq8I=,S5k31OoHZ89rhfDjwUsXjNLZJXw=
-17,-23,fF754g3hNoCvk56AgNVuzgIeq8I=,hifn4GzuaDosxP6LPdRH4MHPlSQ=
-24,-20,fF754g3hNoCvk56AgNVuzgIeq8I=,0annw3+hkiOE06OBKwiaY31Ukrw=
-17,-18,fF754g3hNoCvk56AgNVuzgIeq8I=,QyV1tHgJ0h2vSAdFhDuhzPDKIVE=
-19,-17,fF754g3hNoCvk56AgNVuzgIeq8I=,IU6Dex3Ywk3hNBCMJchh6VDyvco=
-21,-17,fF754g3hNoCvk56AgNVuzgIeq8I=,4cbwV9yZIyFbLxnhwiyh1Ce4pm4=
-18,-17,fF754g3hNoCvk56AgNVuzgIeq8I=,QyV1tHgJ0h2vSAdFhDuhzPDKIVE=
-24,-19,fF754g3hNoCvk56AgNVuzgIeq8I=,0annw3+hkiOE06OBKwiaY31Ukrw=
-24,-22,fF754g3hNoCvk56AgNVuzgIeq8I=,S5k31OoHZ89rhfDjwUsXjNLZJXw=
-21,-24,fF754g3hNoCvk56AgNVuzgIeq8I=,0zn2X7pSzO1BOwUxxPxzZew/NxM=
-17,-24,fF754g3hNoCvk56AgNVuzgIeq8I=,hifn4GzuaDosxP6LPdRH4MHPlSQ=
-24,-17,fF754g3hNoCvk56AgNVuzgIeq8I=,UkcZIRW9Uy+Sstnp1TrWRRcYHyU=
-19,-24,fF754g3hNoCvk56AgNVuzgIeq8I=,D+CQB8jxg2GTg2izpRlmirXPeAs=
-24,-18,fF754g3hNoCvk56AgNVuzgIeq8I=,UkcZIRW9Uy+Sstnp1TrWRRcYHyU=
-22,-24,fF754g3hNoCvk56AgNVuzgIeq8I=,0zn2X7pSzO1BOwUxxPxzZew/NxM=
-20,-24,fF754g3hNoCvk56AgNVuzgIeq8I=,D+CQB8jxg2GTg2izpRlmirXPeAs=
-23,-17,fF754g3hNoCvk56AgNVuzgIeq8I=,UkcZIRW9Uy+Sstnp1TrWRRcYHyU=
-18,-24,fF754g3hNoCvk56AgNVuzgIeq8I=,hifn4GzuaDosxP6LPdRH4MHPlSQ=
-20,-17,fF754g3hNoCvk56AgNVuzgIeq8I=,IU6Dex3Ywk3hNBCMJchh6VDyvco=
-22,-23,fF754g3hNoCvk56AgNVuzgIeq8I=,0zn2X7pSzO1BOwUxxPxzZew/NxM=
-22,-22,fF754g3hNoCvk56AgNVuzgIeq8I=,4NI4CCSaSM5ZsXYXzkjfl2MemGs=
-23,-22,fF754g3hNoCvk56AgNVuzgIeq8I=,S5k31OoHZ89rhfDjwUsXjNLZJXw=
-17,-17,fF754g3hNoCvk56AgNVuzgIeq8I=,QyV1tHgJ0h2vSAdFhDuhzPDKIVE=
-22,-17,fF754g3hNoCvk56AgNVuzgIeq8I=,4cbwV9yZIyFbLxnhwiyh1Ce4pm4=
-23,-24,fF754g3hNoCvk56AgNVuzgIeq8I=,EAcpyzA6Cw9kmiqcFi2XftgGzCE=
-24,-23,fF754g3hNoCvk56AgNVuzgIeq8I=,EAcpyzA6Cw9kmiqcFi2XftgGzCE=
-23,-23,fF754g3hNoCvk56AgNVuzgIeq8I=,EAcpyzA6Cw9kmiqcFi2XftgGzCE=
-24,-24,fF754g3hNoCvk56AgNVuzgIeq8I=,EAcpyzA6Cw9kmiqcFi2XftgGzCE=
-22,-10,y7LhvbVp5aIoSCWiCFc7FfKWMM4=,7POzzxDJU81ELz2sZCletvzg9So=
-23,-10,y7LhvbVp5aIoSCWiCFc7FfKWMM4=,x1ny2c4xDeUalHZpqHcxRYGuTPI=
-23,-11,y7LhvbVp5aIoSCWiCFc7FfKWMM4=,4Gn0n3DDMqptPsRQc304sMcEy4U=
-22,-11,y7LhvbVp5aIoSCWiCFc7FfKWMM4=,4Gn0n3DDMqptPsRQc304sMcEy4U=
-21,-11,y7LhvbVp5aIoSCWiCFc7FfKWMM4=,4Gn0n3DDMqptPsRQc304sMcEy4U=
-20,-10,y7LhvbVp5aIoSCWiCFc7FfKWMM4=,NW+UXlhaUwfpEzyd3xAXqocbThA=
-21,-10,y7LhvbVp5aIoSCWiCFc7FfKWMM4=,7POzzxDJU81ELz2sZCletvzg9So=
-20,-11,y7LhvbVp5aIoSCWiCFc7FfKWMM4=,2gMZoZ2AUijtmU6VfcPE6h+Gm/E=
-19,-13,y7LhvbVp5aIoSCWiCFc7FfKWMM4=,D9xhgSvvztD+PvVr9A3LWjNjNa4=
-18,-12,y7LhvbVp5aIoSCWiCFc7FfKWMM4=,wWBDAPWQYA7h14ZpLpBcbXqoL58=
-18,-13,JAcsamkPRr/fQkSxQX9Ejb6Bywo=,2N2rPjGJ882ZHXqVmustY+dLvZU=
-19,-12,JAcsamkPRr/fQkSxQX9Ejb6Bywo=,2gMZoZ2AUijtmU6VfcPE6h+Gm/E=
-19,-14,JAcsamkPRr/fQkSxQX9Ejb6Bywo=,D9xhgSvvztD+PvVr9A3LWjNjNa4=
-19,-15,JAcsamkPRr/fQkSxQX9Ejb6Bywo=,he61AQHexClcwPh1B49l3+Csw7Y=
-18,-14,JAcsamkPRr/fQkSxQX9Ejb6Bywo=,2N2rPjGJ882ZHXqVmustY+dLvZU=
-18,-15,JAcsamkPRr/fQkSxQX9Ejb6Bywo=,+NmzgcADyvzlRIIKGSBFd5ZZDGE=
-21,-12,JAcsamkPRr/fQkSxQX9Ejb6Bywo=,4Gn0n3DDMqptPsRQc304sMcEy4U=
-22,-12,JAcsamkPRr/fQkSxQX9Ejb6Bywo=,4Gn0n3DDMqptPsRQc304sMcEy4U=
-20,-12,JAcsamkPRr/fQkSxQX9Ejb6Bywo=,2gMZoZ2AUijtmU6VfcPE6h+Gm/E=
-22,-15,JAcsamkPRr/fQkSxQX9Ejb6Bywo=,aVwbPDKLmUv/9689A9Quw2ftN/I=
-22,-13,JAcsamkPRr/fQkSxQX9Ejb6Bywo=,d0YRDYrwLiINVt6tMymd7Bj7xv0=
-23,-12,JAcsamkPRr/fQkSxQX9Ejb6Bywo=,4Gn0n3DDMqptPsRQc304sMcEy4U=
-23,-13,JAcsamkPRr/fQkSxQX9Ejb6Bywo=,KNXkNEYX65NwdgC8M8rKvuYH57k=
-21,-14,JAcsamkPRr/fQkSxQX9Ejb6Bywo=,d0YRDYrwLiINVt6tMymd7Bj7xv0=
-22,-16,JAcsamkPRr/fQkSxQX9Ejb6Bywo=,aVwbPDKLmUv/9689A9Quw2ftN/I=
-20,-13,JAcsamkPRr/fQkSxQX9Ejb6Bywo=,D9xhgSvvztD+PvVr9A3LWjNjNa4=
-21,-13,JAcsamkPRr/fQkSxQX9Ejb6Bywo=,d0YRDYrwLiINVt6tMymd7Bj7xv0=
-22,-14,JAcsamkPRr/fQkSxQX9Ejb6Bywo=,d0YRDYrwLiINVt6tMymd7Bj7xv0=
-23,-15,JAcsamkPRr/fQkSxQX9Ejb6Bywo=,V38yJeqfj5sM8yJvEAi6op/QHIw=
-20,-14,JAcsamkPRr/fQkSxQX9Ejb6Bywo=,D9xhgSvvztD+PvVr9A3LWjNjNa4=
-20,-15,JAcsamkPRr/fQkSxQX9Ejb6Bywo=,he61AQHexClcwPh1B49l3+Csw7Y=
-23,-14,NqrMwNpxBMqn7OTevpYnR3N+xL0=,KNXkNEYX65NwdgC8M8rKvuYH57k=
-21,-15,NqrMwNpxBMqn7OTevpYnR3N+xL0=,aVwbPDKLmUv/9689A9Quw2ftN/I=
-23,-16,NqrMwNpxBMqn7OTevpYnR3N+xL0=,V38yJeqfj5sM8yJvEAi6op/QHIw=
-19,-6,NqrMwNpxBMqn7OTevpYnR3N+xL0=,07/DZxOeXQGJ70RACpTc8f3QG3g=
-19,-7,NqrMwNpxBMqn7OTevpYnR3N+xL0=,XBoVwrzXYR/3Yb+22V9phzQ6Gyc=
-18,-6,NqrMwNpxBMqn7OTevpYnR3N+xL0=,cDERrKoG0FQ0gAbxLQh+VQ2uu/I=
-18,-7,NqrMwNpxBMqn7OTevpYnR3N+xL0=,dj41zZdOGqsrS73q+8cNtfjBAXQ=
-20,-9,NqrMwNpxBMqn7OTevpYnR3N+xL0=,NW+UXlhaUwfpEzyd3xAXqocbThA=
-20,-7,NqrMwNpxBMqn7OTevpYnR3N+xL0=,XBoVwrzXYR/3Yb+22V9phzQ6Gyc=
-20,-6,NqrMwNpxBMqn7OTevpYnR3N+xL0=,07/DZxOeXQGJ70RACpTc8f3QG3g=
-21,-6,NqrMwNpxBMqn7OTevpYnR3N+xL0=,zZoW7Mwnbc/Bg2gnzTxYi9LcOdM=
-22,-6,NqrMwNpxBMqn7OTevpYnR3N+xL0=,zZoW7Mwnbc/Bg2gnzTxYi9LcOdM=
-21,-9,NqrMwNpxBMqn7OTevpYnR3N+xL0=,7POzzxDJU81ELz2sZCletvzg9So=
-21,-8,NqrMwNpxBMqn7OTevpYnR3N+xL0=,4kaxvMn6mEQlWacZXl43eNPOLZE=
-20,-8,NqrMwNpxBMqn7OTevpYnR3N+xL0=,XBoVwrzXYR/3Yb+22V9phzQ6Gyc=
-21,-7,xbfg1qiUAXGlzUUoDlIOgPw37hk=,4kaxvMn6mEQlWacZXl43eNPOLZE=
-22,-7,xbfg1qiUAXGlzUUoDlIOgPw37hk=,4kaxvMn6mEQlWacZXl43eNPOLZE=
-23,-6,xbfg1qiUAXGlzUUoDlIOgPw37hk=,vDV2T5c5eP+xKtOzCAPR1FRyzVw=
-23,-8,xbfg1qiUAXGlzUUoDlIOgPw37hk=,rmqmR+gcaVu537S5OHn1Tg5QZG8=
-23,-9,xbfg1qiUAXGlzUUoDlIOgPw37hk=,x1ny2c4xDeUalHZpqHcxRYGuTPI=
-23,-7,xbfg1qiUAXGlzUUoDlIOgPw37hk=,rmqmR+gcaVu537S5OHn1Tg5QZG8=
-22,-8,xbfg1qiUAXGlzUUoDlIOgPw37hk=,4kaxvMn6mEQlWacZXl43eNPOLZE=
-22,-9,xbfg1qiUAXGlzUUoDlIOgPw37hk=,7POzzxDJU81ELz2sZCletvzg9So=
-22,-5,xbfg1qiUAXGlzUUoDlIOgPw37hk=,zZoW7Mwnbc/Bg2gnzTxYi9LcOdM=
-23,-5,xbfg1qiUAXGlzUUoDlIOgPw37hk=,vDV2T5c5eP+xKtOzCAPR1FRyzVw=
-23,-4,xbfg1qiUAXGlzUUoDlIOgPw37hk=,nLvQwtT4+rwY6kBNkcGGxWSRv4M=
-22,-4,xbfg1qiUAXGlzUUoDlIOgPw37hk=,dgpGwpXRm+FsU3B50PQ+P+RM99U=
-20,-5,xbfg1qiUAXGlzUUoDlIOgPw37hk=,07/DZxOeXQGJ70RACpTc8f3QG3g=
-21,-5,xbfg1qiUAXGlzUUoDlIOgPw37hk=,zZoW7Mwnbc/Bg2gnzTxYi9LcOdM=
-20,-4,xbfg1qiUAXGlzUUoDlIOgPw37hk=,AbOdyhjVWvGOC9yKx42lR6VhNE0=
-22,-3,khsmCNFG9vi8toAwmvwZkoFRsnY=,dgpGwpXRm+FsU3B50PQ+P+RM99U=
-21,-4,khsmCNFG9vi8toAwmvwZkoFRsnY=,dgpGwpXRm+FsU3B50PQ+P+RM99U=
-20,-3,khsmCNFG9vi8toAwmvwZkoFRsnY=,AbOdyhjVWvGOC9yKx42lR6VhNE0=
-23,-3,khsmCNFG9vi8toAwmvwZkoFRsnY=,nLvQwtT4+rwY6kBNkcGGxWSRv4M=
-23,-2,khsmCNFG9vi8toAwmvwZkoFRsnY=,xdw+7PBDgMOCpHCKRc76fChMJ1s=
-21,-2,khsmCNFG9vi8toAwmvwZkoFRsnY=,xdw+7PBDgMOCpHCKRc76fChMJ1s=
-22,-2,khsmCNFG9vi8toAwmvwZkoFRsnY=,xdw+7PBDgMOCpHCKRc76fChMJ1s=
-20,-2,khsmCNFG9vi8toAwmvwZkoFRsnY=,LXz271KlyLAvIXanACbvn+eeskU=
-21,-3,khsmCNFG9vi8toAwmvwZkoFRsnY=,dgpGwpXRm+FsU3B50PQ+P+RM99U=
-19,-5,khsmCNFG9vi8toAwmvwZkoFRsnY=,07/DZxOeXQGJ70RACpTc8f3QG3g=
-18,-4,khsmCNFG9vi8toAwmvwZkoFRsnY=,z3JzhZcg63aSS0LB+5bQyQD2Lbg=
-19,-4,khsmCNFG9vi8toAwmvwZkoFRsnY=,AbOdyhjVWvGOC9yKx42lR6VhNE0=
-18,-5,khsmCNFG9vi8toAwmvwZkoFRsnY=,cDERrKoG0FQ0gAbxLQh+VQ2uu/I=
-18,-2,khsmCNFG9vi8toAwmvwZkoFRsnY=,f5KPDaAbPXYRvRnXp2TskEsFQ60=
-18,-3,khsmCNFG9vi8toAwmvwZkoFRsnY=,z3JzhZcg63aSS0LB+5bQyQD2Lbg=
-19,-2,khsmCNFG9vi8toAwmvwZkoFRsnY=,LXz271KlyLAvIXanACbvn+eeskU=
-19,-3,khsmCNFG9vi8toAwmvwZkoFRsnY=,AbOdyhjVWvGOC9yKx42lR6VhNE0=
-17,-3,khsmCNFG9vi8toAwmvwZkoFRsnY=,z3JzhZcg63aSS0LB+5bQyQD2Lbg=
-17,-2,khsmCNFG9vi8toAwmvwZkoFRsnY=,f5KPDaAbPXYRvRnXp2TskEsFQ60=
-18,-1,khsmCNFG9vi8toAwmvwZkoFRsnY=,f5KPDaAbPXYRvRnXp2TskEsFQ60=
-17,-4,khsmCNFG9vi8toAwmvwZkoFRsnY=,z3JzhZcg63aSS0LB+5bQyQD2Lbg=
-21,-1,khsmCNFG9vi8toAwmvwZkoFRsnY=,xdw+7PBDgMOCpHCKRc76fChMJ1s=
-20,-1,khsmCNFG9vi8toAwmvwZkoFRsnY=,LXz271KlyLAvIXanACbvn+eeskU=
-19,-1,khsmCNFG9vi8toAwmvwZkoFRsnY=,LXz271KlyLAvIXanACbvn+eeskU=
-23,-1,khsmCNFG9vi8toAwmvwZkoFRsnY=,xdw+7PBDgMOCpHCKRc76fChMJ1s=
-22,-1,khsmCNFG9vi8toAwmvwZkoFRsnY=,xdw+7PBDgMOCpHCKRc76fChMJ1s=
-17,-5,khsmCNFG9vi8toAwmvwZkoFRsnY=,cDERrKoG0FQ0gAbxLQh+VQ2uu/I=
-17,-7,khsmCNFG9vi8toAwmvwZkoFRsnY=,dj41zZdOGqsrS73q+8cNtfjBAXQ=
-17,-6,khsmCNFG9vi8toAwmvwZkoFRsnY=,cDERrKoG0FQ0gAbxLQh+VQ2uu/I=
-20,-16,khsmCNFG9vi8toAwmvwZkoFRsnY=,he61AQHexClcwPh1B49l3+Csw7Y=
-18,-16,khsmCNFG9vi8toAwmvwZkoFRsnY=,+NmzgcADyvzlRIIKGSBFd5ZZDGE=
-21,-16,khsmCNFG9vi8toAwmvwZkoFRsnY=,aVwbPDKLmUv/9689A9Quw2ftN/I=
-19,-16,khsmCNFG9vi8toAwmvwZkoFRsnY=,he61AQHexClcwPh1B49l3+Csw7Y=
-17,-14,khsmCNFG9vi8toAwmvwZkoFRsnY=,2N2rPjGJ882ZHXqVmustY+dLvZU=
-17,-15,khsmCNFG9vi8toAwmvwZkoFRsnY=,+NmzgcADyvzlRIIKGSBFd5ZZDGE=
-24,-6,khsmCNFG9vi8toAwmvwZkoFRsnY=,vDV2T5c5eP+xKtOzCAPR1FRyzVw=
-17,-12,khsmCNFG9vi8toAwmvwZkoFRsnY=,wWBDAPWQYA7h14ZpLpBcbXqoL58=
-24,-14,khsmCNFG9vi8toAwmvwZkoFRsnY=,KNXkNEYX65NwdgC8M8rKvuYH57k=
-17,-13,khsmCNFG9vi8toAwmvwZkoFRsnY=,2N2rPjGJ882ZHXqVmustY+dLvZU=
-24,-7,khsmCNFG9vi8toAwmvwZkoFRsnY=,rmqmR+gcaVu537S5OHn1Tg5QZG8=
-24,-5,khsmCNFG9vi8toAwmvwZkoFRsnY=,vDV2T5c5eP+xKtOzCAPR1FRyzVw=
-24,-12,khsmCNFG9vi8toAwmvwZkoFRsnY=,4Gn0n3DDMqptPsRQc304sMcEy4U=
-24,-15,khsmCNFG9vi8toAwmvwZkoFRsnY=,V38yJeqfj5sM8yJvEAi6op/QHIw=
-24,-11,khsmCNFG9vi8toAwmvwZkoFRsnY=,4Gn0n3DDMqptPsRQc304sMcEy4U=
-24,-4,khsmCNFG9vi8toAwmvwZkoFRsnY=,nLvQwtT4+rwY6kBNkcGGxWSRv4M=
-24,-13,khsmCNFG9vi8toAwmvwZkoFRsnY=,KNXkNEYX65NwdgC8M8rKvuYH57k=
-24,-16,khsmCNFG9vi8toAwmvwZkoFRsnY=,V38yJeqfj5sM8yJvEAi6op/QHIw=
-24,-10,khsmCNFG9vi8toAwmvwZkoFRsnY=,x1ny2c4xDeUalHZpqHcxRYGuTPI=
-24,-9,khsmCNFG9vi8toAwmvwZkoFRsnY=,x1ny2c4xDeUalHZpqHcxRYGuTPI=
-24,-8,khsmCNFG9vi8toAwmvwZkoFRsnY=,rmqmR+gcaVu537S5OHn1Tg5QZG8=
-24,-3,khsmCNFG9vi8toAwmvwZkoFRsnY=,nLvQwtT4+rwY6kBNkcGGxWSRv4M=
-24,-2,khsmCNFG9vi8toAwmvwZkoFRsnY=,xdw+7PBDgMOCpHCKRc76fChMJ1s=
-24,-1,khsmCNFG9vi8toAwmvwZkoFRsnY=,xdw+7PBDgMOCpHCKRc76fChMJ1s=
-17,-1,khsmCNFG9vi8toAwmvwZkoFRsnY=,f5KPDaAbPXYRvRnXp2TskEsFQ60=
-17,-16,khsmCNFG9vi8toAwmvwZkoFRsnY=,+NmzgcADyvzlRIIKGSBFd5ZZDGE=
-17,-11,khsmCNFG9vi8toAwmvwZkoFRsnY=,wWBDAPWQYA7h14ZpLpBcbXqoL58=
-19,-10,khsmCNFG9vi8toAwmvwZkoFRsnY=,NW+UXlhaUwfpEzyd3xAXqocbThA=
-19,-11,khsmCNFG9vi8toAwmvwZkoFRsnY=,2gMZoZ2AUijtmU6VfcPE6h+Gm/E=
-18,-11,khsmCNFG9vi8toAwmvwZkoFRsnY=,wWBDAPWQYA7h14ZpLpBcbXqoL58=
-19,-9,khsmCNFG9vi8toAwmvwZkoFRsnY=,NW+UXlhaUwfpEzyd3xAXqocbThA=
-19,-8,khsmCNFG9vi8toAwmvwZkoFRsnY=,XBoVwrzXYR/3Yb+22V9phzQ6Gyc=
-18,-8,khsmCNFG9vi8toAwmvwZkoFRsnY=,dj41zZdOGqsrS73q+8cNtfjBAXQ=
-17,-8,khsmCNFG9vi8toAwmvwZkoFRsnY=,dj41zZdOGqsrS73q+8cNtfjBAXQ=
-17,-10,khsmCNFG9vi8toAwmvwZkoFRsnY=,R4msviF/d/OG6HskiPOjyHjDhUI=
-18,-10,khsmCNFG9vi8toAwmvwZkoFRsnY=,R4msviF/d/OG6HskiPOjyHjDhUI=
-17,-9,khsmCNFG9vi8toAwmvwZkoFRsnY=,R4msviF/d/OG6HskiPOjyHjDhUI=
-18,-9,khsmCNFG9vi8toAwmvwZkoFRsnY=,R4msviF/d/OG6HskiPOjyHjDhUI=
