-22,6,BBzC4XvcjbVTGkiF0OWk1/Ju7TY=,pmvLFI6HiMrcl2MXNJneRuhfqsU=
-23,5,BBzC4XvcjbVTGkiF0OWk1/Ju7TY=,Y64bunJGK4jEJuhGhaay93uUh+s=
-22,5,BBzC4XvcjbVTGkiF0OWk1/Ju7TY=,9OpuqqOYX6DNKLWvdV2RquQDac4=
-23,6,BBzC4XvcjbVTGkiF0OWk1/Ju7TY=,gt4WLoOvPsVnPYN5ogx+HygBFyY=
-20,6,BBzC4XvcjbVTGkiF0OWk1/Ju7TY=,y+d8h0i69pVhjXNz48xQR+OTkog=
-20,4,ujKRR3nnmGfYW/6yiNybBlYgehA=,WCJlQPxctXIJ85locFXcchN70y0=
-21,5,ujKRR3nnmGfYW/6yiNybBlYgehA=,9OpuqqOYX6DNKLWvdV2RquQDac4=
-20,3,ujKRR3nnmGfYW/6yiNybBlYgehA=,+R2SPAxg7Kd4JBxzd8DGFwPet2g=
-23,4,ujKRR3nnmGfYW/6yiNybBlYgehA=,Y64bunJGK4jEJuhGhaay93uUh+s=
-21,3,ujKRR3nnmGfYW/6yiNybBlYgehA=,rmH1XpMnPJ2YX0/iFblWTt5wGn8=
-21,4,ujKRR3nnmGfYW/6yiNybBlYgehA=,9OpuqqOYX6DNKLWvdV2RquQDac4=
-22,3,ujKRR3nnmGfYW/6yiNybBlYgehA=,rmH1XpMnPJ2YX0/iFblWTt5wGn8=
-23,3,ujKRR3nnmGfYW/6yiNybBlYgehA=,9OpuqqOYX6DNKLWvdV2RquQDac4=
-22,4,ujKRR3nnmGfYW/6yiNybBlYgehA=,9OpuqqOYX6DNKLWvdV2RquQDac4=
-21,6,ujKRR3nnmGfYW/6yiNybBlYgehA=,pmvLFI6HiMrcl2MXNJneRuhfqsU=
-20,5,ujKRR3nnmGfYW/6yiNybBlYgehA=,WCJlQPxctXIJ85locFXcchN70y0=
-20,11,38xjgrukBFpSvFWILr86lKFn3RU=,MHo8XqE1wsGrPr5M/PWABLnyrJ8=
-20,12,38xjgrukBFpSvFWILr86lKFn3RU=,JeClaVAzaGsBUxqNGdtWmUWTVs8=
-21,12,38xjgrukBFpSvFWILr86lKFn3RU=,BHAGdrbzGbOucc9ofwY9OMBLeoo=
-21,11,38xjgrukBFpSvFWILr86lKFn3RU=,MJFu93qKxmNCyrbTWnIadXTIe8U=
-20,9,cvfPpPa+2/5++38H+ijlutY2cdw=,L2VZPnva0AD7f5naussGfajX0LM=
-21,7,cvfPpPa+2/5++38H+ijlutY2cdw=,pmvLFI6HiMrcl2MXNJneRuhfqsU=
-21,8,cvfPpPa+2/5++38H+ijlutY2cdw=,oq1ujNMUhnOgwDYrRgVvMXy7L98=
-20,10,cvfPpPa+2/5++38H+ijlutY2cdw=,MHo8XqE1wsGrPr5M/PWABLnyrJ8=
-21,9,cvfPpPa+2/5++38H+ijlutY2cdw=,oq1ujNMUhnOgwDYrRgVvMXy7L98=
-20,7,cvfPpPa+2/5++38H+ijlutY2cdw=,y+d8h0i69pVhjXNz48xQR+OTkog=
-20,8,cvfPpPa+2/5++38H+ijlutY2cdw=,L2VZPnva0AD7f5naussGfajX0LM=
-21,10,cvfPpPa+2/5++38H+ijlutY2cdw=,MJFu93qKxmNCyrbTWnIadXTIe8U=
-23,7,cvfPpPa+2/5++38H+ijlutY2cdw=,gt4WLoOvPsVnPYN5ogx+HygBFyY=
-22,8,cvfPpPa+2/5++38H+ijlutY2cdw=,oq1ujNMUhnOgwDYrRgVvMXy7L98=
-22,7,cvfPpPa+2/5++38H+ijlutY2cdw=,pmvLFI6HiMrcl2MXNJneRuhfqsU=
-18,12,6YY7OO65VxeUBBx/j0gOn8WHUM0=,5Wj8pOkNLHu22CN2gPzBiCSaWmY=
-19,11,6YY7OO65VxeUBBx/j0gOn8WHUM0=,MHo8XqE1wsGrPr5M/PWABLnyrJ8=
-23,8,6YY7OO65VxeUBBx/j0gOn8WHUM0=,KG4J3yrrYV4MKVvIuXpda1s1B9I=
-19,12,6YY7OO65VxeUBBx/j0gOn8WHUM0=,JeClaVAzaGsBUxqNGdtWmUWTVs8=
-20,14,6YY7OO65VxeUBBx/j0gOn8WHUM0=,yoipli/OfJOgFgmnSduE0TnQOOE=
-18,11,6YY7OO65VxeUBBx/j0gOn8WHUM0=,DuBZpiGHdR5qEzrQZJ0q3ruF43A=
-19,13,6YY7OO65VxeUBBx/j0gOn8WHUM0=,JeClaVAzaGsBUxqNGdtWmUWTVs8=
-19,14,6YY7OO65VxeUBBx/j0gOn8WHUM0=,yoipli/OfJOgFgmnSduE0TnQOOE=
-21,13,6YY7OO65VxeUBBx/j0gOn8WHUM0=,BHAGdrbzGbOucc9ofwY9OMBLeoo=
-18,13,6YY7OO65VxeUBBx/j0gOn8WHUM0=,5Wj8pOkNLHu22CN2gPzBiCSaWmY=
-18,14,6YY7OO65VxeUBBx/j0gOn8WHUM0=,tW1VHFMh1C2Y2omg9Wfdik70FTE=
-21,14,6YY7OO65VxeUBBx/j0gOn8WHUM0=,uev88lk29MXC5fdq4QxoNC1A9Tg=
-22,9,6YY7OO65VxeUBBx/j0gOn8WHUM0=,oq1ujNMUhnOgwDYrRgVvMXy7L98=
-20,13,6YY7OO65VxeUBBx/j0gOn8WHUM0=,JeClaVAzaGsBUxqNGdtWmUWTVs8=
-22,10,6YY7OO65VxeUBBx/j0gOn8WHUM0=,MJFu93qKxmNCyrbTWnIadXTIe8U=
-22,12,6YY7OO65VxeUBBx/j0gOn8WHUM0=,BHAGdrbzGbOucc9ofwY9OMBLeoo=
-22,13,6YY7OO65VxeUBBx/j0gOn8WHUM0=,BHAGdrbzGbOucc9ofwY9OMBLeoo=
-21,15,6YY7OO65VxeUBBx/j0gOn8WHUM0=,uev88lk29MXC5fdq4QxoNC1A9Tg=
-23,15,6YY7OO65VxeUBBx/j0gOn8WHUM0=,U6IbggiDeHggvpwEaKytbsw6YHA=
-23,10,6YY7OO65VxeUBBx/j0gOn8WHUM0=,tn2NfimM6F7qBV/ui9NsLz3awnQ=
-20,15,6YY7OO65VxeUBBx/j0gOn8WHUM0=,yoipli/OfJOgFgmnSduE0TnQOOE=
-22,15,6YY7OO65VxeUBBx/j0gOn8WHUM0=,uev88lk29MXC5fdq4QxoNC1A9Tg=
-23,12,6YY7OO65VxeUBBx/j0gOn8WHUM0=,tn2NfimM6F7qBV/ui9NsLz3awnQ=
-23,9,vVI5D0AzxqhvJqHuUT/EA4m57ds=,KG4J3yrrYV4MKVvIuXpda1s1B9I=
-23,14,vVI5D0AzxqhvJqHuUT/EA4m57ds=,U6IbggiDeHggvpwEaKytbsw6YHA=
-17,13,vVI5D0AzxqhvJqHuUT/EA4m57ds=,5Wj8pOkNLHu22CN2gPzBiCSaWmY=
-22,11,vVI5D0AzxqhvJqHuUT/EA4m57ds=,MJFu93qKxmNCyrbTWnIadXTIe8U=
-23,11,vVI5D0AzxqhvJqHuUT/EA4m57ds=,tn2NfimM6F7qBV/ui9NsLz3awnQ=
-23,13,vVI5D0AzxqhvJqHuUT/EA4m57ds=,tn2NfimM6F7qBV/ui9NsLz3awnQ=
-17,14,vVI5D0AzxqhvJqHuUT/EA4m57ds=,tW1VHFMh1C2Y2omg9Wfdik70FTE=
-18,15,vVI5D0AzxqhvJqHuUT/EA4m57ds=,tW1VHFMh1C2Y2omg9Wfdik70FTE=
-22,14,vVI5D0AzxqhvJqHuUT/EA4m57ds=,uev88lk29MXC5fdq4QxoNC1A9Tg=
-19,15,vVI5D0AzxqhvJqHuUT/EA4m57ds=,yoipli/OfJOgFgmnSduE0TnQOOE=
-17,12,cHFBsRgKm+kS5bPZM/LOHfo/czE=,5Wj8pOkNLHu22CN2gPzBiCSaWmY=
-17,11,cHFBsRgKm+kS5bPZM/LOHfo/czE=,DuBZpiGHdR5qEzrQZJ0q3ruF43A=
-19,10,cHFBsRgKm+kS5bPZM/LOHfo/czE=,MHo8XqE1wsGrPr5M/PWABLnyrJ8=
-19,9,cHFBsRgKm+kS5bPZM/LOHfo/czE=,L2VZPnva0AD7f5naussGfajX0LM=
-18,10,cHFBsRgKm+kS5bPZM/LOHfo/czE=,DuBZpiGHdR5qEzrQZJ0q3ruF43A=
-18,9,cHFBsRgKm+kS5bPZM/LOHfo/czE=,TGJb2J5vpmXptN6Z47lDfE+UFRY=
-18,8,cHFBsRgKm+kS5bPZM/LOHfo/czE=,TGJb2J5vpmXptN6Z47lDfE+UFRY=
-18,7,cHFBsRgKm+kS5bPZM/LOHfo/czE=,3b2AnAo1Ts+r9vUuHFSMI7HS8Ck=
-19,7,cHFBsRgKm+kS5bPZM/LOHfo/czE=,y+d8h0i69pVhjXNz48xQR+OTkog=
-18,6,cHFBsRgKm+kS5bPZM/LOHfo/czE=,3b2AnAo1Ts+r9vUuHFSMI7HS8Ck=
-19,3,1Yzz75adxt0Ftmsnj+pcpTTZDR0=,+R2SPAxg7Kd4JBxzd8DGFwPet2g=
-19,8,1Yzz75adxt0Ftmsnj+pcpTTZDR0=,L2VZPnva0AD7f5naussGfajX0LM=
-19,6,1Yzz75adxt0Ftmsnj+pcpTTZDR0=,y+d8h0i69pVhjXNz48xQR+OTkog=
-19,4,1Yzz75adxt0Ftmsnj+pcpTTZDR0=,WCJlQPxctXIJ85locFXcchN70y0=
-19,5,1Yzz75adxt0Ftmsnj+pcpTTZDR0=,WCJlQPxctXIJ85locFXcchN70y0=
-19,2,1Yzz75adxt0Ftmsnj+pcpTTZDR0=,+R2SPAxg7Kd4JBxzd8DGFwPet2g=
-21,2,1Yzz75adxt0Ftmsnj+pcpTTZDR0=,rmH1XpMnPJ2YX0/iFblWTt5wGn8=
-23,2,1Yzz75adxt0Ftmsnj+pcpTTZDR0=,9OpuqqOYX6DNKLWvdV2RquQDac4=
-22,2,1Yzz75adxt0Ftmsnj+pcpTTZDR0=,rmH1XpMnPJ2YX0/iFblWTt5wGn8=
-18,3,1Yzz75adxt0Ftmsnj+pcpTTZDR0=,TYcJBauw3eHcOjYe7n3HRJ+bUa0=
-18,5,1Yzz75adxt0Ftmsnj+pcpTTZDR0=,Ca6HIlJV9CyHIrnjwaTPtr43knc=
-20,2,1Yzz75adxt0Ftmsnj+pcpTTZDR0=,+R2SPAxg7Kd4JBxzd8DGFwPet2g=
-18,4,1Yzz75adxt0Ftmsnj+pcpTTZDR0=,Ca6HIlJV9CyHIrnjwaTPtr43knc=
-19,1,1Yzz75adxt0Ftmsnj+pcpTTZDR0=,ZaArGOhfp92rT3s29amumxlJ48M=
-17,4,1Yzz75adxt0Ftmsnj+pcpTTZDR0=,Ca6HIlJV9CyHIrnjwaTPtr43knc=
-18,2,1Yzz75adxt0Ftmsnj+pcpTTZDR0=,TYcJBauw3eHcOjYe7n3HRJ+bUa0=
-18,1,1Yzz75adxt0Ftmsnj+pcpTTZDR0=,WpKu3NZ+VUMglHSA1VlWApVvlhg=
-21,1,1Yzz75adxt0Ftmsnj+pcpTTZDR0=,nX8yqQDX/IJoho184JyKWjUzX00=
-24,13,1Yzz75adxt0Ftmsnj+pcpTTZDR0=,tn2NfimM6F7qBV/ui9NsLz3awnQ=
-24,14,1Yzz75adxt0Ftmsnj+pcpTTZDR0=,U6IbggiDeHggvpwEaKytbsw6YHA=
-24,15,1Yzz75adxt0Ftmsnj+pcpTTZDR0=,U6IbggiDeHggvpwEaKytbsw6YHA=
-17,2,1Yzz75adxt0Ftmsnj+pcpTTZDR0=,TYcJBauw3eHcOjYe7n3HRJ+bUa0=
-20,1,1Yzz75adxt0Ftmsnj+pcpTTZDR0=,ZaArGOhfp92rT3s29amumxlJ48M=
-17,6,1Yzz75adxt0Ftmsnj+pcpTTZDR0=,3b2AnAo1Ts+r9vUuHFSMI7HS8Ck=
-17,3,1Yzz75adxt0Ftmsnj+pcpTTZDR0=,TYcJBauw3eHcOjYe7n3HRJ+bUa0=
-17,7,1Yzz75adxt0Ftmsnj+pcpTTZDR0=,3b2AnAo1Ts+r9vUuHFSMI7HS8Ck=
-24,4,1Yzz75adxt0Ftmsnj+pcpTTZDR0=,Y64bunJGK4jEJuhGhaay93uUh+s=
-23,1,1Yzz75adxt0Ftmsnj+pcpTTZDR0=,0RWaHNNoSf02XhVMz8ji5wgzSlY=
-17,9,1Yzz75adxt0Ftmsnj+pcpTTZDR0=,TGJb2J5vpmXptN6Z47lDfE+UFRY=
-18,0,1Yzz75adxt0Ftmsnj+pcpTTZDR0=,WpKu3NZ+VUMglHSA1VlWApVvlhg=
-22,1,1Yzz75adxt0Ftmsnj+pcpTTZDR0=,nX8yqQDX/IJoho184JyKWjUzX00=
-24,10,1Yzz75adxt0Ftmsnj+pcpTTZDR0=,tn2NfimM6F7qBV/ui9NsLz3awnQ=
-24,0,1Yzz75adxt0Ftmsnj+pcpTTZDR0=,0RWaHNNoSf02XhVMz8ji5wgzSlY=
-17,10,1Yzz75adxt0Ftmsnj+pcpTTZDR0=,DuBZpiGHdR5qEzrQZJ0q3ruF43A=
-20,0,1Yzz75adxt0Ftmsnj+pcpTTZDR0=,ZaArGOhfp92rT3s29amumxlJ48M=
-19,0,1Yzz75adxt0Ftmsnj+pcpTTZDR0=,ZaArGOhfp92rT3s29amumxlJ48M=
-17,8,1Yzz75adxt0Ftmsnj+pcpTTZDR0=,TGJb2J5vpmXptN6Z47lDfE+UFRY=
-17,0,1Yzz75adxt0Ftmsnj+pcpTTZDR0=,WpKu3NZ+VUMglHSA1VlWApVvlhg=
-24,3,1Yzz75adxt0Ftmsnj+pcpTTZDR0=,9OpuqqOYX6DNKLWvdV2RquQDac4=
-21,0,1Yzz75adxt0Ftmsnj+pcpTTZDR0=,nX8yqQDX/IJoho184JyKWjUzX00=
-24,1,1Yzz75adxt0Ftmsnj+pcpTTZDR0=,0RWaHNNoSf02XhVMz8ji5wgzSlY=
-24,11,1Yzz75adxt0Ftmsnj+pcpTTZDR0=,tn2NfimM6F7qBV/ui9NsLz3awnQ=
-22,0,1Yzz75adxt0Ftmsnj+pcpTTZDR0=,nX8yqQDX/IJoho184JyKWjUzX00=
-24,6,1Yzz75adxt0Ftmsnj+pcpTTZDR0=,gt4WLoOvPsVnPYN5ogx+HygBFyY=
-24,2,1Yzz75adxt0Ftmsnj+pcpTTZDR0=,9OpuqqOYX6DNKLWvdV2RquQDac4=
-24,9,1Yzz75adxt0Ftmsnj+pcpTTZDR0=,KG4J3yrrYV4MKVvIuXpda1s1B9I=
-17,1,1Yzz75adxt0Ftmsnj+pcpTTZDR0=,WpKu3NZ+VUMglHSA1VlWApVvlhg=
-17,5,1Yzz75adxt0Ftmsnj+pcpTTZDR0=,Ca6HIlJV9CyHIrnjwaTPtr43knc=
-24,12,1Yzz75adxt0Ftmsnj+pcpTTZDR0=,tn2NfimM6F7qBV/ui9NsLz3awnQ=
-17,15,1Yzz75adxt0Ftmsnj+pcpTTZDR0=,tW1VHFMh1C2Y2omg9Wfdik70FTE=
-24,8,1Yzz75adxt0Ftmsnj+pcpTTZDR0=,KG4J3yrrYV4MKVvIuXpda1s1B9I=
-23,0,1Yzz75adxt0Ftmsnj+pcpTTZDR0=,0RWaHNNoSf02XhVMz8ji5wgzSlY=
-24,7,1Yzz75adxt0Ftmsnj+pcpTTZDR0=,gt4WLoOvPsVnPYN5ogx+HygBFyY=
-24,5,1Yzz75adxt0Ftmsnj+pcpTTZDR0=,Y64bunJGK4jEJuhGhaay93uUh+s=
-21,21,NKa0Zz9WtfT7vkjvgFrGTdaFJqw=,nq4dpmYOB6xwfcPPOObma5CzoBA=
-20,21,NKa0Zz9WtfT7vkjvgFrGTdaFJqw=,kEenrE6x1UuKnp82GoAICIGUvQc=
-21,22,NKa0Zz9WtfT7vkjvgFrGTdaFJqw=,UdlUigcxk1R/iTAdHS5z35JbRsU=
-19,22,NKa0Zz9WtfT7vkjvgFrGTdaFJqw=,uIDlJhQh2GTZarVfCcB4mSXdTTs=
-20,22,NKa0Zz9WtfT7vkjvgFrGTdaFJqw=,uIDlJhQh2GTZarVfCcB4mSXdTTs=
-19,21,NKa0Zz9WtfT7vkjvgFrGTdaFJqw=,kEenrE6x1UuKnp82GoAICIGUvQc=
-18,22,NKa0Zz9WtfT7vkjvgFrGTdaFJqw=,KzBhFOJl8YEI0usQFIcnr+KZM8s=
-18,21,NKa0Zz9WtfT7vkjvgFrGTdaFJqw=,3MtZba8IBLSY0gYVf3hd6vZESCc=
-19,20,oQ0nj7+S049PSmXOfzSAg+tLDUs=,kEenrE6x1UuKnp82GoAICIGUvQc=
-19,19,oQ0nj7+S049PSmXOfzSAg+tLDUs=,35+JrhZGOpPZJLFFkWGjG66vddY=
-18,20,oQ0nj7+S049PSmXOfzSAg+tLDUs=,3MtZba8IBLSY0gYVf3hd6vZESCc=
-18,19,oQ0nj7+S049PSmXOfzSAg+tLDUs=,TBTydv8QOIM4Z2Cj3PwVpLNazh0=
-18,17,oQ0nj7+S049PSmXOfzSAg+tLDUs=,0s8RHR/f5f++/tkvEHdlSaaK9pI=
-19,18,oQ0nj7+S049PSmXOfzSAg+tLDUs=,35+JrhZGOpPZJLFFkWGjG66vddY=
-21,20,oQ0nj7+S049PSmXOfzSAg+tLDUs=,nq4dpmYOB6xwfcPPOObma5CzoBA=
-19,17,oQ0nj7+S049PSmXOfzSAg+tLDUs=,TMUoX5MOyrXv2RQjJGJn5SO9jqI=
-20,19,oQ0nj7+S049PSmXOfzSAg+tLDUs=,35+JrhZGOpPZJLFFkWGjG66vddY=
-21,19,oQ0nj7+S049PSmXOfzSAg+tLDUs=,494iN6SXlubGMbgt8ZVjoT2mPeU=
-18,18,oQ0nj7+S049PSmXOfzSAg+tLDUs=,TBTydv8QOIM4Z2Cj3PwVpLNazh0=
-20,20,oQ0nj7+S049PSmXOfzSAg+tLDUs=,kEenrE6x1UuKnp82GoAICIGUvQc=
-23,20,oQ0nj7+S049PSmXOfzSAg+tLDUs=,5YUf8TaB8b9euTBIcEmkDghxboo=
-20,17,oQ0nj7+S049PSmXOfzSAg+tLDUs=,TMUoX5MOyrXv2RQjJGJn5SO9jqI=
-22,20,oQ0nj7+S049PSmXOfzSAg+tLDUs=,nq4dpmYOB6xwfcPPOObma5CzoBA=
-22,19,SwOIVKtSqR07O3bs1cdNB5cut5M=,494iN6SXlubGMbgt8ZVjoT2mPeU=
-23,18,SwOIVKtSqR07O3bs1cdNB5cut5M=,4jPmM4pexaaxoioNftN++PMvvyk=
-22,16,SwOIVKtSqR07O3bs1cdNB5cut5M=,Dyfrqzm09B9w66TSym1q5FfL2OI=
-21,18,SwOIVKtSqR07O3bs1cdNB5cut5M=,494iN6SXlubGMbgt8ZVjoT2mPeU=
-23,19,SwOIVKtSqR07O3bs1cdNB5cut5M=,4jPmM4pexaaxoioNftN++PMvvyk=
-21,17,SwOIVKtSqR07O3bs1cdNB5cut5M=,Dyfrqzm09B9w66TSym1q5FfL2OI=
-22,17,SwOIVKtSqR07O3bs1cdNB5cut5M=,Dyfrqzm09B9w66TSym1q5FfL2OI=
-22,18,SwOIVKtSqR07O3bs1cdNB5cut5M=,494iN6SXlubGMbgt8ZVjoT2mPeU=
-20,18,SwOIVKtSqR07O3bs1cdNB5cut5M=,35+JrhZGOpPZJLFFkWGjG66vddY=
-21,16,SwOIVKtSqR07O3bs1cdNB5cut5M=,Dyfrqzm09B9w66TSym1q5FfL2OI=
-20,16,SwOIVKtSqR07O3bs1cdNB5cut5M=,TMUoX5MOyrXv2RQjJGJn5SO9jqI=
-19,16,SwOIVKtSqR07O3bs1cdNB5cut5M=,TMUoX5MOyrXv2RQjJGJn5SO9jqI=
-17,18,SwOIVKtSqR07O3bs1cdNB5cut5M=,TBTydv8QOIM4Z2Cj3PwVpLNazh0=
-18,16,SwOIVKtSqR07O3bs1cdNB5cut5M=,0s8RHR/f5f++/tkvEHdlSaaK9pI=
-17,17,SwOIVKtSqR07O3bs1cdNB5cut5M=,0s8RHR/f5f++/tkvEHdlSaaK9pI=
-17,23,SwOIVKtSqR07O3bs1cdNB5cut5M=,KzBhFOJl8YEI0usQFIcnr+KZM8s=
-17,22,SwOIVKtSqR07O3bs1cdNB5cut5M=,KzBhFOJl8YEI0usQFIcnr+KZM8s=
-17,19,SwOIVKtSqR07O3bs1cdNB5cut5M=,TBTydv8QOIM4Z2Cj3PwVpLNazh0=
-18,23,SwOIVKtSqR07O3bs1cdNB5cut5M=,KzBhFOJl8YEI0usQFIcnr+KZM8s=
-19,23,SwOIVKtSqR07O3bs1cdNB5cut5M=,uIDlJhQh2GTZarVfCcB4mSXdTTs=
-17,21,SwOIVKtSqR07O3bs1cdNB5cut5M=,3MtZba8IBLSY0gYVf3hd6vZESCc=
-17,20,SwOIVKtSqR07O3bs1cdNB5cut5M=,3MtZba8IBLSY0gYVf3hd6vZESCc=
-24,18,SwOIVKtSqR07O3bs1cdNB5cut5M=,4jPmM4pexaaxoioNftN++PMvvyk=
-20,23,SwOIVKtSqR07O3bs1cdNB5cut5M=,uIDlJhQh2GTZarVfCcB4mSXdTTs=
-21,23,SwOIVKtSqR07O3bs1cdNB5cut5M=,UdlUigcxk1R/iTAdHS5z35JbRsU=
-24,20,SwOIVKtSqR07O3bs1cdNB5cut5M=,5YUf8TaB8b9euTBIcEmkDghxboo=
-23,16,SwOIVKtSqR07O3bs1cdNB5cut5M=,b3qBOE+ehlNAdQAtt+K+t6fFl8I=
-24,19,SwOIVKtSqR07O3bs1cdNB5cut5M=,4jPmM4pexaaxoioNftN++PMvvyk=
-22,23,SwOIVKtSqR07O3bs1cdNB5cut5M=,UdlUigcxk1R/iTAdHS5z35JbRsU=
-23,17,SwOIVKtSqR07O3bs1cdNB5cut5M=,b3qBOE+ehlNAdQAtt+K+t6fFl8I=
-24,21,SwOIVKtSqR07O3bs1cdNB5cut5M=,5YUf8TaB8b9euTBIcEmkDghxboo=
-22,22,SwOIVKtSqR07O3bs1cdNB5cut5M=,UdlUigcxk1R/iTAdHS5z35JbRsU=
-22,21,SwOIVKtSqR07O3bs1cdNB5cut5M=,nq4dpmYOB6xwfcPPOObma5CzoBA=
-23,21,SwOIVKtSqR07O3bs1cdNB5cut5M=,5YUf8TaB8b9euTBIcEmkDghxboo=
-17,16,SwOIVKtSqR07O3bs1cdNB5cut5M=,0s8RHR/f5f++/tkvEHdlSaaK9pI=
-24,16,SwOIVKtSqR07O3bs1cdNB5cut5M=,b3qBOE+ehlNAdQAtt+K+t6fFl8I=
-24,17,SwOIVKtSqR07O3bs1cdNB5cut5M=,b3qBOE+ehlNAdQAtt+K+t6fFl8I=
-23,23,SwOIVKtSqR07O3bs1cdNB5cut5M=,wxDEB2nqaHsy6wtQ8MvwvteR6Vw=
-24,22,SwOIVKtSqR07O3bs1cdNB5cut5M=,wxDEB2nqaHsy6wtQ8MvwvteR6Vw=
-24,23,SwOIVKtSqR07O3bs1cdNB5cut5M=,wxDEB2nqaHsy6wtQ8MvwvteR6Vw=
-23,22,SwOIVKtSqR07O3bs1cdNB5cut5M=,wxDEB2nqaHsy6wtQ8MvwvteR6Vw=
-3,18,pJl81Ke9c5VQ9oiv5qTYsSd3g1c=,UdIei3QJgC8mOXZCD2Lb1J9yLok=
-2,18,pJl81Ke9c5VQ9oiv5qTYsSd3g1c=,G15s6bXOrX8KPtsJE6zrmO/JnNY=
-2,17,pJl81Ke9c5VQ9oiv5qTYsSd3g1c=,lBQQZ80/bxy7f3UsMz9z8P7a6MQ=
-3,17,pJl81Ke9c5VQ9oiv5qTYsSd3g1c=,b32EtD0Eukll4QhHLXDXXz5V120=
-5,17,pJl81Ke9c5VQ9oiv5qTYsSd3g1c=,1p+KvdAyntf2H3unADOUrRrxKv4=
-4,17,pJl81Ke9c5VQ9oiv5qTYsSd3g1c=,b32EtD0Eukll4QhHLXDXXz5V120=
-5,18,pJl81Ke9c5VQ9oiv5qTYsSd3g1c=,9JWPsW7J9aW87OBl7nM0KoqmEio=
-4,18,pJl81Ke9c5VQ9oiv5qTYsSd3g1c=,UdIei3QJgC8mOXZCD2Lb1J9yLok=
-5,19,pJl81Ke9c5VQ9oiv5qTYsSd3g1c=,9JWPsW7J9aW87OBl7nM0KoqmEio=
-4,19,pJl81Ke9c5VQ9oiv5qTYsSd3g1c=,UdIei3QJgC8mOXZCD2Lb1J9yLok=
-5,20,pJl81Ke9c5VQ9oiv5qTYsSd3g1c=,85K36Fp11art1pxZE6uLeKMsrE4=
-4,20,pJl81Ke9c5VQ9oiv5qTYsSd3g1c=,yUnsCwCukwrTCseZodER9TOWfa8=
-6,19,pbtW7qvlqNvlAn17Z9tqrgHE6jA=,9JWPsW7J9aW87OBl7nM0KoqmEio=
-7,20,pbtW7qvlqNvlAn17Z9tqrgHE6jA=,kdpuvOzjdjJY5ZFM6cx3ANyBwuI=
-7,19,pbtW7qvlqNvlAn17Z9tqrgHE6jA=,cdHUwMAhy5XVmQD3YUptOK73YmQ=
-6,20,pbtW7qvlqNvlAn17Z9tqrgHE6jA=,85K36Fp11art1pxZE6uLeKMsrE4=
-9,20,pbtW7qvlqNvlAn17Z9tqrgHE6jA=,3aPU6VXKI9BifSbapyapwwxBpyE=
-8,19,pbtW7qvlqNvlAn17Z9tqrgHE6jA=,cdHUwMAhy5XVmQD3YUptOK73YmQ=
-8,20,pbtW7qvlqNvlAn17Z9tqrgHE6jA=,kdpuvOzjdjJY5ZFM6cx3ANyBwuI=
-9,19,pbtW7qvlqNvlAn17Z9tqrgHE6jA=,d6y09aAIJM7P53wQR/ILwBcanAk=
-8,22,pbtW7qvlqNvlAn17Z9tqrgHE6jA=,4WlzG8qsGkkKkhsd7CkRGPMOAE4=
-9,22,pbtW7qvlqNvlAn17Z9tqrgHE6jA=,3m39Qc9uR2bNdgr4miolZZSSPqs=
-9,21,pbtW7qvlqNvlAn17Z9tqrgHE6jA=,3aPU6VXKI9BifSbapyapwwxBpyE=
-8,21,pbtW7qvlqNvlAn17Z9tqrgHE6jA=,kdpuvOzjdjJY5ZFM6cx3ANyBwuI=
-11,22,pbtW7qvlqNvlAn17Z9tqrgHE6jA=,/46ubFxp1aJYDVZuAfj6tACQoq8=
-10,22,pbtW7qvlqNvlAn17Z9tqrgHE6jA=,3m39Qc9uR2bNdgr4miolZZSSPqs=
-11,21,pbtW7qvlqNvlAn17Z9tqrgHE6jA=,gBMNQ+ujDgGvS4KkjT+ZjM+mkX4=
-10,21,pbtW7qvlqNvlAn17Z9tqrgHE6jA=,3aPU6VXKI9BifSbapyapwwxBpyE=
-11,20,pbtW7qvlqNvlAn17Z9tqrgHE6jA=,gBMNQ+ujDgGvS4KkjT+ZjM+mkX4=
-10,20,pbtW7qvlqNvlAn17Z9tqrgHE6jA=,3aPU6VXKI9BifSbapyapwwxBpyE=
-11,19,vWPG6zuiVDScQjYu5pkQI5tqfUk=,5wJcUWOIB6rJxW075eHOG25z2GI=
-10,19,vWPG6zuiVDScQjYu5pkQI5tqfUk=,d6y09aAIJM7P53wQR/ILwBcanAk=
-12,19,vWPG6zuiVDScQjYu5pkQI5tqfUk=,5wJcUWOIB6rJxW075eHOG25z2GI=
-13,19,vWPG6zuiVDScQjYu5pkQI5tqfUk=,TIwCNq7icugg4Di/8kMnoMDJChs=
-12,22,vWPG6zuiVDScQjYu5pkQI5tqfUk=,/46ubFxp1aJYDVZuAfj6tACQoq8=
-12,20,vWPG6zuiVDScQjYu5pkQI5tqfUk=,gBMNQ+ujDgGvS4KkjT+ZjM+mkX4=
-13,20,vWPG6zuiVDScQjYu5pkQI5tqfUk=,Hp9xBq+MjNIa5pAtCfLRThde7FM=
-13,21,vWPG6zuiVDScQjYu5pkQI5tqfUk=,Hp9xBq+MjNIa5pAtCfLRThde7FM=
-12,21,vWPG6zuiVDScQjYu5pkQI5tqfUk=,gBMNQ+ujDgGvS4KkjT+ZjM+mkX4=
-13,22,vWPG6zuiVDScQjYu5pkQI5tqfUk=,YFwfmC2GDxEImU0qlqN7zu/hrUI=
-14,20,vWPG6zuiVDScQjYu5pkQI5tqfUk=,Hp9xBq+MjNIa5pAtCfLRThde7FM=
-15,20,vWPG6zuiVDScQjYu5pkQI5tqfUk=,+yHqZyMRVN94L/I5FneyzrgAxCY=
-15,19,vWPG6zuiVDScQjYu5pkQI5tqfUk=,uVVWFVAuZnamsCwkcb7QFtfAiFk=
-14,19,vWPG6zuiVDScQjYu5pkQI5tqfUk=,TIwCNq7icugg4Di/8kMnoMDJChs=
-15,17,zTqMsfQHx+LTnUZR4+nSovZutFk=,+LbjwZ0fFgA8etX2F4TlKxyZBdQ=
-15,18,zTqMsfQHx+LTnUZR4+nSovZutFk=,uVVWFVAuZnamsCwkcb7QFtfAiFk=
-14,17,zTqMsfQHx+LTnUZR4+nSovZutFk=,SnGUUb3XT3IRXk0Pw7ZBvVbT8lM=
-13,17,zTqMsfQHx+LTnUZR4+nSovZutFk=,SnGUUb3XT3IRXk0Pw7ZBvVbT8lM=
-14,18,zTqMsfQHx+LTnUZR4+nSovZutFk=,TIwCNq7icugg4Di/8kMnoMDJChs=
-12,18,wEiATNaJT7eRODwOVIehIM/Z7Yk=,5wJcUWOIB6rJxW075eHOG25z2GI=
-13,18,wEiATNaJT7eRODwOVIehIM/Z7Yk=,TIwCNq7icugg4Di/8kMnoMDJChs=
-12,17,wEiATNaJT7eRODwOVIehIM/Z7Yk=,MdnMtKi9qoPjQHkITthAfZxMUqQ=
-7,18,wEiATNaJT7eRODwOVIehIM/Z7Yk=,cdHUwMAhy5XVmQD3YUptOK73YmQ=
-11,17,wEiATNaJT7eRODwOVIehIM/Z7Yk=,MdnMtKi9qoPjQHkITthAfZxMUqQ=
-11,18,wEiATNaJT7eRODwOVIehIM/Z7Yk=,5wJcUWOIB6rJxW075eHOG25z2GI=
-8,18,wEiATNaJT7eRODwOVIehIM/Z7Yk=,cdHUwMAhy5XVmQD3YUptOK73YmQ=
-9,18,wEiATNaJT7eRODwOVIehIM/Z7Yk=,d6y09aAIJM7P53wQR/ILwBcanAk=
-10,18,wEiATNaJT7eRODwOVIehIM/Z7Yk=,d6y09aAIJM7P53wQR/ILwBcanAk=
-10,17,wEiATNaJT7eRODwOVIehIM/Z7Yk=,CKqaqH7WDbsK/Woy0u2hisgm11U=
-6,18,wEiATNaJT7eRODwOVIehIM/Z7Yk=,9JWPsW7J9aW87OBl7nM0KoqmEio=
-6,16,wEiATNaJT7eRODwOVIehIM/Z7Yk=,1p+KvdAyntf2H3unADOUrRrxKv4=
-7,16,wEiATNaJT7eRODwOVIehIM/Z7Yk=,Gyyr+4DYtTgDgM+8JSEGLpPSif0=
-6,17,wEiATNaJT7eRODwOVIehIM/Z7Yk=,1p+KvdAyntf2H3unADOUrRrxKv4=
-9,17,wEiATNaJT7eRODwOVIehIM/Z7Yk=,CKqaqH7WDbsK/Woy0u2hisgm11U=
-8,17,wEiATNaJT7eRODwOVIehIM/Z7Yk=,Gyyr+4DYtTgDgM+8JSEGLpPSif0=
-9,16,AmdSVPtf7i222Zm3FCOhDNmBEP4=,CKqaqH7WDbsK/Woy0u2hisgm11U=
-7,17,AmdSVPtf7i222Zm3FCOhDNmBEP4=,Gyyr+4DYtTgDgM+8JSEGLpPSif0=
-8,16,AmdSVPtf7i222Zm3FCOhDNmBEP4=,Gyyr+4DYtTgDgM+8JSEGLpPSif0=
-5,16,AmdSVPtf7i222Zm3FCOhDNmBEP4=,1p+KvdAyntf2H3unADOUrRrxKv4=
-3,16,AmdSVPtf7i222Zm3FCOhDNmBEP4=,b32EtD0Eukll4QhHLXDXXz5V120=
-4,16,AmdSVPtf7i222Zm3FCOhDNmBEP4=,b32EtD0Eukll4QhHLXDXXz5V120=
-7,21,AmdSVPtf7i222Zm3FCOhDNmBEP4=,kdpuvOzjdjJY5ZFM6cx3ANyBwuI=
-6,21,AmdSVPtf7i222Zm3FCOhDNmBEP4=,85K36Fp11art1pxZE6uLeKMsrE4=
-1,16,AmdSVPtf7i222Zm3FCOhDNmBEP4=,lBQQZ80/bxy7f3UsMz9z8P7a6MQ=
-7,22,AmdSVPtf7i222Zm3FCOhDNmBEP4=,4WlzG8qsGkkKkhsd7CkRGPMOAE4=
-2,16,AmdSVPtf7i222Zm3FCOhDNmBEP4=,lBQQZ80/bxy7f3UsMz9z8P7a6MQ=
-4,21,AmdSVPtf7i222Zm3FCOhDNmBEP4=,yUnsCwCukwrTCseZodER9TOWfa8=
-3,21,AmdSVPtf7i222Zm3FCOhDNmBEP4=,yUnsCwCukwrTCseZodER9TOWfa8=
-1,18,AmdSVPtf7i222Zm3FCOhDNmBEP4=,G15s6bXOrX8KPtsJE6zrmO/JnNY=
-5,21,AmdSVPtf7i222Zm3FCOhDNmBEP4=,85K36Fp11art1pxZE6uLeKMsrE4=
-3,20,AmdSVPtf7i222Zm3FCOhDNmBEP4=,yUnsCwCukwrTCseZodER9TOWfa8=
-2,19,AmdSVPtf7i222Zm3FCOhDNmBEP4=,G15s6bXOrX8KPtsJE6zrmO/JnNY=
-3,19,AmdSVPtf7i222Zm3FCOhDNmBEP4=,UdIei3QJgC8mOXZCD2Lb1J9yLok=
-1,19,AmdSVPtf7i222Zm3FCOhDNmBEP4=,G15s6bXOrX8KPtsJE6zrmO/JnNY=
-15,16,AmdSVPtf7i222Zm3FCOhDNmBEP4=,+LbjwZ0fFgA8etX2F4TlKxyZBdQ=
-1,17,AmdSVPtf7i222Zm3FCOhDNmBEP4=,lBQQZ80/bxy7f3UsMz9z8P7a6MQ=
-14,16,AmdSVPtf7i222Zm3FCOhDNmBEP4=,SnGUUb3XT3IRXk0Pw7ZBvVbT8lM=
-12,16,AmdSVPtf7i222Zm3FCOhDNmBEP4=,MdnMtKi9qoPjQHkITthAfZxMUqQ=
-13,16,AmdSVPtf7i222Zm3FCOhDNmBEP4=,SnGUUb3XT3IRXk0Pw7ZBvVbT8lM=
-10,16,AmdSVPtf7i222Zm3FCOhDNmBEP4=,CKqaqH7WDbsK/Woy0u2hisgm11U=
-11,16,AmdSVPtf7i222Zm3FCOhDNmBEP4=,MdnMtKi9qoPjQHkITthAfZxMUqQ=
-8,23,AmdSVPtf7i222Zm3FCOhDNmBEP4=,4WlzG8qsGkkKkhsd7CkRGPMOAE4=
-16,19,AmdSVPtf7i222Zm3FCOhDNmBEP4=,uVVWFVAuZnamsCwkcb7QFtfAiFk=
-7,23,AmdSVPtf7i222Zm3FCOhDNmBEP4=,4WlzG8qsGkkKkhsd7CkRGPMOAE4=
-10,23,AmdSVPtf7i222Zm3FCOhDNmBEP4=,3m39Qc9uR2bNdgr4miolZZSSPqs=
-12,23,AmdSVPtf7i222Zm3FCOhDNmBEP4=,/46ubFxp1aJYDVZuAfj6tACQoq8=
-2,20,AmdSVPtf7i222Zm3FCOhDNmBEP4=,S9hIi7mPfCnhD/Ua6pZ60SGdPNk=
-4,22,AmdSVPtf7i222Zm3FCOhDNmBEP4=,E+eqtVmYI0qApqzsdaOB8TdrWx4=
-3,22,AmdSVPtf7i222Zm3FCOhDNmBEP4=,E+eqtVmYI0qApqzsdaOB8TdrWx4=
-2,21,AmdSVPtf7i222Zm3FCOhDNmBEP4=,S9hIi7mPfCnhD/Ua6pZ60SGdPNk=
-9,23,AmdSVPtf7i222Zm3FCOhDNmBEP4=,3m39Qc9uR2bNdgr4miolZZSSPqs=
-4,23,AmdSVPtf7i222Zm3FCOhDNmBEP4=,E+eqtVmYI0qApqzsdaOB8TdrWx4=
-14,21,AmdSVPtf7i222Zm3FCOhDNmBEP4=,Hp9xBq+MjNIa5pAtCfLRThde7FM=
-3,23,AmdSVPtf7i222Zm3FCOhDNmBEP4=,E+eqtVmYI0qApqzsdaOB8TdrWx4=
-1,22,AmdSVPtf7i222Zm3FCOhDNmBEP4=,UNAH8NEcC5HnxHZKjMmCQ6ToOwg=
-16,18,AmdSVPtf7i222Zm3FCOhDNmBEP4=,uVVWFVAuZnamsCwkcb7QFtfAiFk=
-16,20,AmdSVPtf7i222Zm3FCOhDNmBEP4=,+yHqZyMRVN94L/I5FneyzrgAxCY=
-2,23,AmdSVPtf7i222Zm3FCOhDNmBEP4=,UNAH8NEcC5HnxHZKjMmCQ6ToOwg=
-1,21,AmdSVPtf7i222Zm3FCOhDNmBEP4=,S9hIi7mPfCnhD/Ua6pZ60SGdPNk=
-1,20,AmdSVPtf7i222Zm3FCOhDNmBEP4=,S9hIi7mPfCnhD/Ua6pZ60SGdPNk=
-11,23,AmdSVPtf7i222Zm3FCOhDNmBEP4=,/46ubFxp1aJYDVZuAfj6tACQoq8=
-13,23,AmdSVPtf7i222Zm3FCOhDNmBEP4=,YFwfmC2GDxEImU0qlqN7zu/hrUI=
-16,21,AmdSVPtf7i222Zm3FCOhDNmBEP4=,+yHqZyMRVN94L/I5FneyzrgAxCY=
-1,23,AmdSVPtf7i222Zm3FCOhDNmBEP4=,UNAH8NEcC5HnxHZKjMmCQ6ToOwg=
-15,21,AmdSVPtf7i222Zm3FCOhDNmBEP4=,+yHqZyMRVN94L/I5FneyzrgAxCY=
-2,22,AmdSVPtf7i222Zm3FCOhDNmBEP4=,UNAH8NEcC5HnxHZKjMmCQ6ToOwg=
-6,22,AmdSVPtf7i222Zm3FCOhDNmBEP4=,4WlzG8qsGkkKkhsd7CkRGPMOAE4=
-14,22,AmdSVPtf7i222Zm3FCOhDNmBEP4=,YFwfmC2GDxEImU0qlqN7zu/hrUI=
-16,17,AmdSVPtf7i222Zm3FCOhDNmBEP4=,+LbjwZ0fFgA8etX2F4TlKxyZBdQ=
-16,16,AmdSVPtf7i222Zm3FCOhDNmBEP4=,+LbjwZ0fFgA8etX2F4TlKxyZBdQ=
-14,23,AmdSVPtf7i222Zm3FCOhDNmBEP4=,YFwfmC2GDxEImU0qlqN7zu/hrUI=
-5,22,AmdSVPtf7i222Zm3FCOhDNmBEP4=,4WlzG8qsGkkKkhsd7CkRGPMOAE4=
-5,23,AmdSVPtf7i222Zm3FCOhDNmBEP4=,4WlzG8qsGkkKkhsd7CkRGPMOAE4=
-15,23,AmdSVPtf7i222Zm3FCOhDNmBEP4=,SM8KwBX85Ob+9HpSEseDJ6QuLVk=
-16,23,AmdSVPtf7i222Zm3FCOhDNmBEP4=,SM8KwBX85Ob+9HpSEseDJ6QuLVk=
-6,23,AmdSVPtf7i222Zm3FCOhDNmBEP4=,4WlzG8qsGkkKkhsd7CkRGPMOAE4=
-16,22,AmdSVPtf7i222Zm3FCOhDNmBEP4=,SM8KwBX85Ob+9HpSEseDJ6QuLVk=
-15,22,AmdSVPtf7i222Zm3FCOhDNmBEP4=,SM8KwBX85Ob+9HpSEseDJ6QuLVk=
-3,2,thgd/IP79qvGZANbH7MmmekIS5Y=,jQCzfg+0SbhHUTYaMvmw+DRKnps=
-2,1,X6SjV2keUjoQjm2rUzRchglqh24=,gHtnhp12/SL/TK6JVfqxkwnzA+s=
-3,1,X6SjV2keUjoQjm2rUzRchglqh24=,34xz0or9OHEHbt7B5WvxZF38e78=
-2,2,XzPJaqOheuhyNO/2OUUKwoppui4=,IFCNvHR5YE/15mxDPEwFxQh/uJw=
-5,1,XzPJaqOheuhyNO/2OUUKwoppui4=,qVWFnokifPTH6MG7+p7OkQin8JU=
-5,2,XzPJaqOheuhyNO/2OUUKwoppui4=,2IesK6Ssbr3JpQxO7RUMASZWEE8=
-4,2,2H6Rg2fdqeUZMr8BujtpMCFfMK8=,jQCzfg+0SbhHUTYaMvmw+DRKnps=
-4,1,2H6Rg2fdqeUZMr8BujtpMCFfMK8=,34xz0or9OHEHbt7B5WvxZF38e78=
-5,3,2H6Rg2fdqeUZMr8BujtpMCFfMK8=,2IesK6Ssbr3JpQxO7RUMASZWEE8=
-5,4,2H6Rg2fdqeUZMr8BujtpMCFfMK8=,qN5B5jiIQRir+Dvwjaf2FMDNj68=
-5,7,2H6Rg2fdqeUZMr8BujtpMCFfMK8=,k/CFdWWeayvWAzICvtOA2xCXOkA=
-4,3,2H6Rg2fdqeUZMr8BujtpMCFfMK8=,jQCzfg+0SbhHUTYaMvmw+DRKnps=
-4,5,2H6Rg2fdqeUZMr8BujtpMCFfMK8=,Xqd4rx9rVApJRxK8W2CfL7fO/eE=
-4,4,2H6Rg2fdqeUZMr8BujtpMCFfMK8=,Xqd4rx9rVApJRxK8W2CfL7fO/eE=
-4,8,2H6Rg2fdqeUZMr8BujtpMCFfMK8=,f++WPeyRZ1sVQXVwZxR8xylpGtk=
-5,6,2H6Rg2fdqeUZMr8BujtpMCFfMK8=,k/CFdWWeayvWAzICvtOA2xCXOkA=
-5,8,2H6Rg2fdqeUZMr8BujtpMCFfMK8=,jkMwS7B9if1ePWOTK3bagOGEZb8=
-4,6,2H6Rg2fdqeUZMr8BujtpMCFfMK8=,61KOuV8Lk186mcHhTa0coV61CVg=
-5,5,2H6Rg2fdqeUZMr8BujtpMCFfMK8=,qN5B5jiIQRir+Dvwjaf2FMDNj68=
-4,7,2H6Rg2fdqeUZMr8BujtpMCFfMK8=,61KOuV8Lk186mcHhTa0coV61CVg=
-5,9,2H6Rg2fdqeUZMr8BujtpMCFfMK8=,jkMwS7B9if1ePWOTK3bagOGEZb8=
-4,9,2H6Rg2fdqeUZMr8BujtpMCFfMK8=,f++WPeyRZ1sVQXVwZxR8xylpGtk=
-5,10,cL4Sa5YngixeCQZuV5GOydCW+Ho=,takTDaiEW18O3Zga1GeONz4y13k=
-4,10,cL4Sa5YngixeCQZuV5GOydCW+Ho=,hlp5LoVlqsWPvskTHfTh28LlRV8=
-5,11,cL4Sa5YngixeCQZuV5GOydCW+Ho=,takTDaiEW18O3Zga1GeONz4y13k=
-5,12,cL4Sa5YngixeCQZuV5GOydCW+Ho=,U3Dw8YprREG01hbr3cT3kRnSXpQ=
-4,12,cL4Sa5YngixeCQZuV5GOydCW+Ho=,EEAjQgj8hlIg3Jp3aE6VQr0ugYg=
-4,11,cL4Sa5YngixeCQZuV5GOydCW+Ho=,hlp5LoVlqsWPvskTHfTh28LlRV8=
-2,12,cL4Sa5YngixeCQZuV5GOydCW+Ho=,OrIW25xzHHSNC09UiUTFRRVuTsY=
-3,11,cL4Sa5YngixeCQZuV5GOydCW+Ho=,hlp5LoVlqsWPvskTHfTh28LlRV8=
-2,11,cL4Sa5YngixeCQZuV5GOydCW+Ho=,bOHjut/iDbso5xy6D7XeB/+PtUk=
-6,11,cL4Sa5YngixeCQZuV5GOydCW+Ho=,takTDaiEW18O3Zga1GeONz4y13k=
-3,12,cL4Sa5YngixeCQZuV5GOydCW+Ho=,EEAjQgj8hlIg3Jp3aE6VQr0ugYg=
-7,11,cL4Sa5YngixeCQZuV5GOydCW+Ho=,u48D2rtYMvFHk8hhZ6iUOtnV3P8=
-7,12,cL4Sa5YngixeCQZuV5GOydCW+Ho=,iRPV2yAdjvrF/O/saNyzmWPT280=
-8,11,cL4Sa5YngixeCQZuV5GOydCW+Ho=,u48D2rtYMvFHk8hhZ6iUOtnV3P8=
-6,12,cL4Sa5YngixeCQZuV5GOydCW+Ho=,U3Dw8YprREG01hbr3cT3kRnSXpQ=
-9,12,cL4Sa5YngixeCQZuV5GOydCW+Ho=,NUXF8cXYXlDRzJxTNUij3k4GcaE=
-9,11,cL4Sa5YngixeCQZuV5GOydCW+Ho=,06tIe2oYsK6eU2ziYtSHPdjm+cI=
-8,12,cL4Sa5YngixeCQZuV5GOydCW+Ho=,iRPV2yAdjvrF/O/saNyzmWPT280=
-11,11,cL4Sa5YngixeCQZuV5GOydCW+Ho=,R4QtQXUoLdH/k7/zSC04eTI/TR4=
-10,14,cL4Sa5YngixeCQZuV5GOydCW+Ho=,If3ilBMqZVZrYDe1qJAdsEX7Js8=
-10,11,UglyaUv5pSqLjhRJxrCsHLVaLLQ=,06tIe2oYsK6eU2ziYtSHPdjm+cI=
-10,12,UglyaUv5pSqLjhRJxrCsHLVaLLQ=,NUXF8cXYXlDRzJxTNUij3k4GcaE=
-11,14,UglyaUv5pSqLjhRJxrCsHLVaLLQ=,BTPsy7lBY7GDDq2/m46UHna6LWw=
-11,12,UglyaUv5pSqLjhRJxrCsHLVaLLQ=,+Vq7lL0QYjIFj1yU//fWz0O46vQ=
-10,13,UglyaUv5pSqLjhRJxrCsHLVaLLQ=,NUXF8cXYXlDRzJxTNUij3k4GcaE=
-11,13,UglyaUv5pSqLjhRJxrCsHLVaLLQ=,+Vq7lL0QYjIFj1yU//fWz0O46vQ=
-12,11,UglyaUv5pSqLjhRJxrCsHLVaLLQ=,R4QtQXUoLdH/k7/zSC04eTI/TR4=
-12,12,UglyaUv5pSqLjhRJxrCsHLVaLLQ=,+Vq7lL0QYjIFj1yU//fWz0O46vQ=
-13,12,UglyaUv5pSqLjhRJxrCsHLVaLLQ=,hZ2GYwkbxz1ouT1V1QAbMlfx3qQ=
-13,11,UglyaUv5pSqLjhRJxrCsHLVaLLQ=,0PDfK15A1Z02MB1DeifF6j4alCA=
-12,13,UglyaUv5pSqLjhRJxrCsHLVaLLQ=,+Vq7lL0QYjIFj1yU//fWz0O46vQ=
-13,13,UglyaUv5pSqLjhRJxrCsHLVaLLQ=,hZ2GYwkbxz1ouT1V1QAbMlfx3qQ=
-13,14,UglyaUv5pSqLjhRJxrCsHLVaLLQ=,GV/3+VHCsR6IXwK2TOV3ZWLKg6I=
-14,11,UglyaUv5pSqLjhRJxrCsHLVaLLQ=,0PDfK15A1Z02MB1DeifF6j4alCA=
-12,14,UglyaUv5pSqLjhRJxrCsHLVaLLQ=,BTPsy7lBY7GDDq2/m46UHna6LWw=
-14,12,UglyaUv5pSqLjhRJxrCsHLVaLLQ=,hZ2GYwkbxz1ouT1V1QAbMlfx3qQ=
-15,12,UglyaUv5pSqLjhRJxrCsHLVaLLQ=,wHt4zduMhXKUj7FolcE4AA7OGgY=
-15,11,UglyaUv5pSqLjhRJxrCsHLVaLLQ=,N6pew5zlKEE1gKzH8BShbwyV4Z8=
-15,13,UglyaUv5pSqLjhRJxrCsHLVaLLQ=,wHt4zduMhXKUj7FolcE4AA7OGgY=
-15,14,UglyaUv5pSqLjhRJxrCsHLVaLLQ=,6QEkvmGUKPeUeN3z00kghq2C18Y=
-14,13,krNziWbiWN/KidFtleodMR2JwWs=,hZ2GYwkbxz1ouT1V1QAbMlfx3qQ=
-14,14,krNziWbiWN/KidFtleodMR2JwWs=,GV/3+VHCsR6IXwK2TOV3ZWLKg6I=
-15,10,krNziWbiWN/KidFtleodMR2JwWs=,N6pew5zlKEE1gKzH8BShbwyV4Z8=
-14,10,krNziWbiWN/KidFtleodMR2JwWs=,0PDfK15A1Z02MB1DeifF6j4alCA=
-14,9,krNziWbiWN/KidFtleodMR2JwWs=,kfTFgzap2F4tp2vLLX6YDQZiB4c=
-15,9,krNziWbiWN/KidFtleodMR2JwWs=,598nJzmMOJRsNmoq0Uhn3Em4DKk=
-13,9,krNziWbiWN/KidFtleodMR2JwWs=,kfTFgzap2F4tp2vLLX6YDQZiB4c=
-12,9,krNziWbiWN/KidFtleodMR2JwWs=,ULdhyFV2yVBBzpgu8jg2qqDvvdc=
-12,10,krNziWbiWN/KidFtleodMR2JwWs=,R4QtQXUoLdH/k7/zSC04eTI/TR4=
-13,10,krNziWbiWN/KidFtleodMR2JwWs=,0PDfK15A1Z02MB1DeifF6j4alCA=
-12,7,krNziWbiWN/KidFtleodMR2JwWs=,ADEsveVjiKmzNVO98DE8LotPPZY=
-13,8,krNziWbiWN/KidFtleodMR2JwWs=,kfTFgzap2F4tp2vLLX6YDQZiB4c=
-13,7,krNziWbiWN/KidFtleodMR2JwWs=,gTE8F5YoWSmmE6Sk0D044Rd97Eo=
-12,8,krNziWbiWN/KidFtleodMR2JwWs=,ULdhyFV2yVBBzpgu8jg2qqDvvdc=
-13,5,krNziWbiWN/KidFtleodMR2JwWs=,5R1VltdTrbj8Ojf+8ixHFfCnPL8=
-12,5,krNziWbiWN/KidFtleodMR2JwWs=,L+avNVkP/h+zJEMmnbPWnyom05E=
-12,6,krNziWbiWN/KidFtleodMR2JwWs=,ADEsveVjiKmzNVO98DE8LotPPZY=
-13,6,QJ+E2a8Vrz2LsWsmI+uZo3J+how=,gTE8F5YoWSmmE6Sk0D044Rd97Eo=
-10,6,QJ+E2a8Vrz2LsWsmI+uZo3J+how=,kuPx3QqDosZmuxNavvL+MH/KxoM=
-10,5,QJ+E2a8Vrz2LsWsmI+uZo3J+how=,ikL2w2fmxnu6qBxpsP4BoxSpVeE=
-11,6,QJ+E2a8Vrz2LsWsmI+uZo3J+how=,ADEsveVjiKmzNVO98DE8LotPPZY=
-11,5,QJ+E2a8Vrz2LsWsmI+uZo3J+how=,L+avNVkP/h+zJEMmnbPWnyom05E=
-6,5,QJ+E2a8Vrz2LsWsmI+uZo3J+how=,qN5B5jiIQRir+Dvwjaf2FMDNj68=
-6,6,QJ+E2a8Vrz2LsWsmI+uZo3J+how=,k/CFdWWeayvWAzICvtOA2xCXOkA=
-7,5,QJ+E2a8Vrz2LsWsmI+uZo3J+how=,iFdNrFLZqESEzn6wxbi2Us0BSQc=
-9,6,QJ+E2a8Vrz2LsWsmI+uZo3J+how=,kuPx3QqDosZmuxNavvL+MH/KxoM=
-9,5,QJ+E2a8Vrz2LsWsmI+uZo3J+how=,ikL2w2fmxnu6qBxpsP4BoxSpVeE=
-7,6,VdyhGJl2c0KeSTQXbiCvHgjkov4=,jxZmwcB/Lwbcef5sHG2sUdtunH8=
-8,5,VdyhGJl2c0KeSTQXbiCvHgjkov4=,iFdNrFLZqESEzn6wxbi2Us0BSQc=
-8,6,VdyhGJl2c0KeSTQXbiCvHgjkov4=,jxZmwcB/Lwbcef5sHG2sUdtunH8=
-7,3,VdyhGJl2c0KeSTQXbiCvHgjkov4=,4RXw/5zBane6+9Uc0CUh6hJ6J54=
-6,3,VdyhGJl2c0KeSTQXbiCvHgjkov4=,2IesK6Ssbr3JpQxO7RUMASZWEE8=
-7,4,VdyhGJl2c0KeSTQXbiCvHgjkov4=,iFdNrFLZqESEzn6wxbi2Us0BSQc=
-9,4,VdyhGJl2c0KeSTQXbiCvHgjkov4=,ikL2w2fmxnu6qBxpsP4BoxSpVeE=
-8,3,VdyhGJl2c0KeSTQXbiCvHgjkov4=,4RXw/5zBane6+9Uc0CUh6hJ6J54=
-8,4,VdyhGJl2c0KeSTQXbiCvHgjkov4=,iFdNrFLZqESEzn6wxbi2Us0BSQc=
-6,4,VdyhGJl2c0KeSTQXbiCvHgjkov4=,qN5B5jiIQRir+Dvwjaf2FMDNj68=
-9,3,VdyhGJl2c0KeSTQXbiCvHgjkov4=,S4IIEFvMWoZLNv+uGdU8pF9DHJg=
-7,2,VdyhGJl2c0KeSTQXbiCvHgjkov4=,4RXw/5zBane6+9Uc0CUh6hJ6J54=
-6,2,VdyhGJl2c0KeSTQXbiCvHgjkov4=,2IesK6Ssbr3JpQxO7RUMASZWEE8=
-9,2,VdyhGJl2c0KeSTQXbiCvHgjkov4=,S4IIEFvMWoZLNv+uGdU8pF9DHJg=
-6,1,VdyhGJl2c0KeSTQXbiCvHgjkov4=,qVWFnokifPTH6MG7+p7OkQin8JU=
-9,1,VdyhGJl2c0KeSTQXbiCvHgjkov4=,zEa38p7zkNKp94gfphClH802L4g=
-7,1,VdyhGJl2c0KeSTQXbiCvHgjkov4=,SLs3o7askRRKORlf923mQoT+JO4=
-8,2,VdyhGJl2c0KeSTQXbiCvHgjkov4=,4RXw/5zBane6+9Uc0CUh6hJ6J54=
-10,4,VdyhGJl2c0KeSTQXbiCvHgjkov4=,ikL2w2fmxnu6qBxpsP4BoxSpVeE=
-8,1,VdyhGJl2c0KeSTQXbiCvHgjkov4=,SLs3o7askRRKORlf923mQoT+JO4=
-11,4,VdyhGJl2c0KeSTQXbiCvHgjkov4=,L+avNVkP/h+zJEMmnbPWnyom05E=
-10,3,VdyhGJl2c0KeSTQXbiCvHgjkov4=,S4IIEFvMWoZLNv+uGdU8pF9DHJg=
-11,3,VdyhGJl2c0KeSTQXbiCvHgjkov4=,OzRZ5YX9xgckLAOCjr0azGTC+yA=
-11,2,VdyhGJl2c0KeSTQXbiCvHgjkov4=,OzRZ5YX9xgckLAOCjr0azGTC+yA=
-12,3,Ecm2fzGChPzaUZfMO8evUfKUCvY=,OzRZ5YX9xgckLAOCjr0azGTC+yA=
-10,1,Ecm2fzGChPzaUZfMO8evUfKUCvY=,zEa38p7zkNKp94gfphClH802L4g=
-13,3,Ecm2fzGChPzaUZfMO8evUfKUCvY=,RNtMY093+2wHlSPCWix3rd/NZGM=
-11,1,Ecm2fzGChPzaUZfMO8evUfKUCvY=,jm8daxNu83Qic7hGz8eBFsX17fI=
-13,4,Ecm2fzGChPzaUZfMO8evUfKUCvY=,5R1VltdTrbj8Ojf+8ixHFfCnPL8=
-10,2,Ecm2fzGChPzaUZfMO8evUfKUCvY=,S4IIEFvMWoZLNv+uGdU8pF9DHJg=
-13,2,Ecm2fzGChPzaUZfMO8evUfKUCvY=,RNtMY093+2wHlSPCWix3rd/NZGM=
-12,2,Ecm2fzGChPzaUZfMO8evUfKUCvY=,OzRZ5YX9xgckLAOCjr0azGTC+yA=
-14,2,Ecm2fzGChPzaUZfMO8evUfKUCvY=,RNtMY093+2wHlSPCWix3rd/NZGM=
-12,4,Ecm2fzGChPzaUZfMO8evUfKUCvY=,L+avNVkP/h+zJEMmnbPWnyom05E=
-12,1,Ecm2fzGChPzaUZfMO8evUfKUCvY=,jm8daxNu83Qic7hGz8eBFsX17fI=
-13,1,Ecm2fzGChPzaUZfMO8evUfKUCvY=,Nob5FFcEiOUE/LqAEplQFN5rIVs=
-14,1,Ecm2fzGChPzaUZfMO8evUfKUCvY=,Nob5FFcEiOUE/LqAEplQFN5rIVs=
-15,2,Ecm2fzGChPzaUZfMO8evUfKUCvY=,1te63Ox1nGCdBhBT0ofTo7Gue5s=
-15,1,Ecm2fzGChPzaUZfMO8evUfKUCvY=,3R6bAEC8deIi+zdQqePV98SaV+M=
-14,3,Ecm2fzGChPzaUZfMO8evUfKUCvY=,RNtMY093+2wHlSPCWix3rd/NZGM=
-15,4,Ecm2fzGChPzaUZfMO8evUfKUCvY=,u3VRWCLgMdM+x7TJtrhgEmjZAmA=
-15,3,Ecm2fzGChPzaUZfMO8evUfKUCvY=,1te63Ox1nGCdBhBT0ofTo7Gue5s=
-14,4,Ecm2fzGChPzaUZfMO8evUfKUCvY=,5R1VltdTrbj8Ojf+8ixHFfCnPL8=
-14,7,Ecm2fzGChPzaUZfMO8evUfKUCvY=,gTE8F5YoWSmmE6Sk0D044Rd97Eo=
-15,5,Ecm2fzGChPzaUZfMO8evUfKUCvY=,u3VRWCLgMdM+x7TJtrhgEmjZAmA=
-15,8,Ecm2fzGChPzaUZfMO8evUfKUCvY=,598nJzmMOJRsNmoq0Uhn3Em4DKk=
-15,7,Ecm2fzGChPzaUZfMO8evUfKUCvY=,bmhvI3v+oyjDTB+il+lAujCwMnA=
-14,8,Ecm2fzGChPzaUZfMO8evUfKUCvY=,kfTFgzap2F4tp2vLLX6YDQZiB4c=
-16,6,Ecm2fzGChPzaUZfMO8evUfKUCvY=,bmhvI3v+oyjDTB+il+lAujCwMnA=
-15,6,Ecm2fzGChPzaUZfMO8evUfKUCvY=,bmhvI3v+oyjDTB+il+lAujCwMnA=
-14,6,tBJ/mVCkMyf0JpgkZAOtNcgIlAc=,gTE8F5YoWSmmE6Sk0D044Rd97Eo=
-14,5,tBJ/mVCkMyf0JpgkZAOtNcgIlAc=,5R1VltdTrbj8Ojf+8ixHFfCnPL8=
-16,5,tBJ/mVCkMyf0JpgkZAOtNcgIlAc=,u3VRWCLgMdM+x7TJtrhgEmjZAmA=
-16,8,tBJ/mVCkMyf0JpgkZAOtNcgIlAc=,598nJzmMOJRsNmoq0Uhn3Em4DKk=
-16,4,tBJ/mVCkMyf0JpgkZAOtNcgIlAc=,u3VRWCLgMdM+x7TJtrhgEmjZAmA=
-16,3,tBJ/mVCkMyf0JpgkZAOtNcgIlAc=,1te63Ox1nGCdBhBT0ofTo7Gue5s=
-16,1,tBJ/mVCkMyf0JpgkZAOtNcgIlAc=,3R6bAEC8deIi+zdQqePV98SaV+M=
-16,2,tBJ/mVCkMyf0JpgkZAOtNcgIlAc=,1te63Ox1nGCdBhBT0ofTo7Gue5s=
-16,7,tBJ/mVCkMyf0JpgkZAOtNcgIlAc=,bmhvI3v+oyjDTB+il+lAujCwMnA=
-16,9,tBJ/mVCkMyf0JpgkZAOtNcgIlAc=,598nJzmMOJRsNmoq0Uhn3Em4DKk=
-16,10,tBJ/mVCkMyf0JpgkZAOtNcgIlAc=,N6pew5zlKEE1gKzH8BShbwyV4Z8=
-16,11,tBJ/mVCkMyf0JpgkZAOtNcgIlAc=,N6pew5zlKEE1gKzH8BShbwyV4Z8=
-16,12,tBJ/mVCkMyf0JpgkZAOtNcgIlAc=,wHt4zduMhXKUj7FolcE4AA7OGgY=
-16,14,tBJ/mVCkMyf0JpgkZAOtNcgIlAc=,6QEkvmGUKPeUeN3z00kghq2C18Y=
-15,15,tBJ/mVCkMyf0JpgkZAOtNcgIlAc=,6QEkvmGUKPeUeN3z00kghq2C18Y=
-16,13,tBJ/mVCkMyf0JpgkZAOtNcgIlAc=,wHt4zduMhXKUj7FolcE4AA7OGgY=
-14,15,tBJ/mVCkMyf0JpgkZAOtNcgIlAc=,GV/3+VHCsR6IXwK2TOV3ZWLKg6I=
-12,15,tBJ/mVCkMyf0JpgkZAOtNcgIlAc=,BTPsy7lBY7GDDq2/m46UHna6LWw=
-10,15,tBJ/mVCkMyf0JpgkZAOtNcgIlAc=,If3ilBMqZVZrYDe1qJAdsEX7Js8=
-11,15,tBJ/mVCkMyf0JpgkZAOtNcgIlAc=,BTPsy7lBY7GDDq2/m46UHna6LWw=
-13,15,tBJ/mVCkMyf0JpgkZAOtNcgIlAc=,GV/3+VHCsR6IXwK2TOV3ZWLKg6I=
-8,13,tBJ/mVCkMyf0JpgkZAOtNcgIlAc=,iRPV2yAdjvrF/O/saNyzmWPT280=
-9,14,tBJ/mVCkMyf0JpgkZAOtNcgIlAc=,If3ilBMqZVZrYDe1qJAdsEX7Js8=
-9,13,tBJ/mVCkMyf0JpgkZAOtNcgIlAc=,NUXF8cXYXlDRzJxTNUij3k4GcaE=
-9,15,tBJ/mVCkMyf0JpgkZAOtNcgIlAc=,If3ilBMqZVZrYDe1qJAdsEX7Js8=
-6,13,tBJ/mVCkMyf0JpgkZAOtNcgIlAc=,U3Dw8YprREG01hbr3cT3kRnSXpQ=
-7,13,tBJ/mVCkMyf0JpgkZAOtNcgIlAc=,iRPV2yAdjvrF/O/saNyzmWPT280=
-5,13,tBJ/mVCkMyf0JpgkZAOtNcgIlAc=,U3Dw8YprREG01hbr3cT3kRnSXpQ=
-3,13,tBJ/mVCkMyf0JpgkZAOtNcgIlAc=,EEAjQgj8hlIg3Jp3aE6VQr0ugYg=
-2,13,tBJ/mVCkMyf0JpgkZAOtNcgIlAc=,OrIW25xzHHSNC09UiUTFRRVuTsY=
-4,13,tBJ/mVCkMyf0JpgkZAOtNcgIlAc=,EEAjQgj8hlIg3Jp3aE6VQr0ugYg=
-8,15,tBJ/mVCkMyf0JpgkZAOtNcgIlAc=,1faeKPNvQsJNdugN8GWl/QkM+JQ=
-7,14,tBJ/mVCkMyf0JpgkZAOtNcgIlAc=,1faeKPNvQsJNdugN8GWl/QkM+JQ=
-1,12,tBJ/mVCkMyf0JpgkZAOtNcgIlAc=,OrIW25xzHHSNC09UiUTFRRVuTsY=
-8,14,tBJ/mVCkMyf0JpgkZAOtNcgIlAc=,1faeKPNvQsJNdugN8GWl/QkM+JQ=
-6,14,tBJ/mVCkMyf0JpgkZAOtNcgIlAc=,gUO9CrBQKD2ypRO6Hd0ezfxleJ4=
-1,13,tBJ/mVCkMyf0JpgkZAOtNcgIlAc=,OrIW25xzHHSNC09UiUTFRRVuTsY=
-1,11,tBJ/mVCkMyf0JpgkZAOtNcgIlAc=,bOHjut/iDbso5xy6D7XeB/+PtUk=
-3,9,tBJ/mVCkMyf0JpgkZAOtNcgIlAc=,f++WPeyRZ1sVQXVwZxR8xylpGtk=
-7,15,tBJ/mVCkMyf0JpgkZAOtNcgIlAc=,1faeKPNvQsJNdugN8GWl/QkM+JQ=
-3,3,tBJ/mVCkMyf0JpgkZAOtNcgIlAc=,jQCzfg+0SbhHUTYaMvmw+DRKnps=
-2,10,tBJ/mVCkMyf0JpgkZAOtNcgIlAc=,bOHjut/iDbso5xy6D7XeB/+PtUk=
-5,15,tBJ/mVCkMyf0JpgkZAOtNcgIlAc=,gUO9CrBQKD2ypRO6Hd0ezfxleJ4=
-3,8,tBJ/mVCkMyf0JpgkZAOtNcgIlAc=,f++WPeyRZ1sVQXVwZxR8xylpGtk=
-3,7,tBJ/mVCkMyf0JpgkZAOtNcgIlAc=,61KOuV8Lk186mcHhTa0coV61CVg=
-3,14,tBJ/mVCkMyf0JpgkZAOtNcgIlAc=,1iZf4nzZVkEE56ik3AXxUktplm0=
-3,10,tBJ/mVCkMyf0JpgkZAOtNcgIlAc=,hlp5LoVlqsWPvskTHfTh28LlRV8=
-2,14,tBJ/mVCkMyf0JpgkZAOtNcgIlAc=,PID9c1cGYOS7F7Skj1qqXR4nvic=
-5,14,tBJ/mVCkMyf0JpgkZAOtNcgIlAc=,gUO9CrBQKD2ypRO6Hd0ezfxleJ4=
-6,15,tBJ/mVCkMyf0JpgkZAOtNcgIlAc=,gUO9CrBQKD2ypRO6Hd0ezfxleJ4=
-2,8,tBJ/mVCkMyf0JpgkZAOtNcgIlAc=,HrJLZ2YTi4p4P071Io6+JwWOrp8=
-1,10,tBJ/mVCkMyf0JpgkZAOtNcgIlAc=,bOHjut/iDbso5xy6D7XeB/+PtUk=
-3,15,tBJ/mVCkMyf0JpgkZAOtNcgIlAc=,1iZf4nzZVkEE56ik3AXxUktplm0=
-2,3,tBJ/mVCkMyf0JpgkZAOtNcgIlAc=,IFCNvHR5YE/15mxDPEwFxQh/uJw=
-2,15,tBJ/mVCkMyf0JpgkZAOtNcgIlAc=,PID9c1cGYOS7F7Skj1qqXR4nvic=
-4,15,tBJ/mVCkMyf0JpgkZAOtNcgIlAc=,1iZf4nzZVkEE56ik3AXxUktplm0=
-4,14,tBJ/mVCkMyf0JpgkZAOtNcgIlAc=,1iZf4nzZVkEE56ik3AXxUktplm0=
-1,14,tBJ/mVCkMyf0JpgkZAOtNcgIlAc=,PID9c1cGYOS7F7Skj1qqXR4nvic=
-3,4,tBJ/mVCkMyf0JpgkZAOtNcgIlAc=,Xqd4rx9rVApJRxK8W2CfL7fO/eE=
-1,2,tBJ/mVCkMyf0JpgkZAOtNcgIlAc=,IFCNvHR5YE/15mxDPEwFxQh/uJw=
-2,9,tBJ/mVCkMyf0JpgkZAOtNcgIlAc=,HrJLZ2YTi4p4P071Io6+JwWOrp8=
-1,7,tBJ/mVCkMyf0JpgkZAOtNcgIlAc=,hR+EMBEZ3FeQkTeF9030GWPlEdc=
-3,5,tBJ/mVCkMyf0JpgkZAOtNcgIlAc=,Xqd4rx9rVApJRxK8W2CfL7fO/eE=
-1,3,tBJ/mVCkMyf0JpgkZAOtNcgIlAc=,IFCNvHR5YE/15mxDPEwFxQh/uJw=
-1,1,tBJ/mVCkMyf0JpgkZAOtNcgIlAc=,gHtnhp12/SL/TK6JVfqxkwnzA+s=
-3,6,tBJ/mVCkMyf0JpgkZAOtNcgIlAc=,61KOuV8Lk186mcHhTa0coV61CVg=
-1,0,tBJ/mVCkMyf0JpgkZAOtNcgIlAc=,gHtnhp12/SL/TK6JVfqxkwnzA+s=
-2,6,tBJ/mVCkMyf0JpgkZAOtNcgIlAc=,hR+EMBEZ3FeQkTeF9030GWPlEdc=
-2,0,tBJ/mVCkMyf0JpgkZAOtNcgIlAc=,gHtnhp12/SL/TK6JVfqxkwnzA+s=
-3,0,tBJ/mVCkMyf0JpgkZAOtNcgIlAc=,34xz0or9OHEHbt7B5WvxZF38e78=
-5,0,tBJ/mVCkMyf0JpgkZAOtNcgIlAc=,qVWFnokifPTH6MG7+p7OkQin8JU=
-1,6,tBJ/mVCkMyf0JpgkZAOtNcgIlAc=,hR+EMBEZ3FeQkTeF9030GWPlEdc=
-1,9,tBJ/mVCkMyf0JpgkZAOtNcgIlAc=,HrJLZ2YTi4p4P071Io6+JwWOrp8=
-4,0,tBJ/mVCkMyf0JpgkZAOtNcgIlAc=,34xz0or9OHEHbt7B5WvxZF38e78=
-9,0,tBJ/mVCkMyf0JpgkZAOtNcgIlAc=,zEa38p7zkNKp94gfphClH802L4g=
-2,7,tBJ/mVCkMyf0JpgkZAOtNcgIlAc=,hR+EMBEZ3FeQkTeF9030GWPlEdc=
-7,0,tBJ/mVCkMyf0JpgkZAOtNcgIlAc=,SLs3o7askRRKORlf923mQoT+JO4=
-8,0,tBJ/mVCkMyf0JpgkZAOtNcgIlAc=,SLs3o7askRRKORlf923mQoT+JO4=
-12,0,tBJ/mVCkMyf0JpgkZAOtNcgIlAc=,jm8daxNu83Qic7hGz8eBFsX17fI=
-10,0,tBJ/mVCkMyf0JpgkZAOtNcgIlAc=,zEa38p7zkNKp94gfphClH802L4g=
-1,5,tBJ/mVCkMyf0JpgkZAOtNcgIlAc=,dKOTZsNzg3zTIs0sZnT+oFaA04g=
-11,0,tBJ/mVCkMyf0JpgkZAOtNcgIlAc=,jm8daxNu83Qic7hGz8eBFsX17fI=
-6,0,tBJ/mVCkMyf0JpgkZAOtNcgIlAc=,qVWFnokifPTH6MG7+p7OkQin8JU=
-1,4,tBJ/mVCkMyf0JpgkZAOtNcgIlAc=,dKOTZsNzg3zTIs0sZnT+oFaA04g=
-15,0,tBJ/mVCkMyf0JpgkZAOtNcgIlAc=,3R6bAEC8deIi+zdQqePV98SaV+M=
-14,0,tBJ/mVCkMyf0JpgkZAOtNcgIlAc=,Nob5FFcEiOUE/LqAEplQFN5rIVs=
-1,8,tBJ/mVCkMyf0JpgkZAOtNcgIlAc=,HrJLZ2YTi4p4P071Io6+JwWOrp8=
-16,0,tBJ/mVCkMyf0JpgkZAOtNcgIlAc=,3R6bAEC8deIi+zdQqePV98SaV+M=
-13,0,tBJ/mVCkMyf0JpgkZAOtNcgIlAc=,Nob5FFcEiOUE/LqAEplQFN5rIVs=
-1,15,tBJ/mVCkMyf0JpgkZAOtNcgIlAc=,PID9c1cGYOS7F7Skj1qqXR4nvic=
-16,15,tBJ/mVCkMyf0JpgkZAOtNcgIlAc=,6QEkvmGUKPeUeN3z00kghq2C18Y=
-6,8,tBJ/mVCkMyf0JpgkZAOtNcgIlAc=,jkMwS7B9if1ePWOTK3bagOGEZb8=
-6,7,tBJ/mVCkMyf0JpgkZAOtNcgIlAc=,k/CFdWWeayvWAzICvtOA2xCXOkA=
-6,9,tBJ/mVCkMyf0JpgkZAOtNcgIlAc=,jkMwS7B9if1ePWOTK3bagOGEZb8=
-6,10,tBJ/mVCkMyf0JpgkZAOtNcgIlAc=,takTDaiEW18O3Zga1GeONz4y13k=
-10,7,tBJ/mVCkMyf0JpgkZAOtNcgIlAc=,kuPx3QqDosZmuxNavvL+MH/KxoM=
-10,10,tBJ/mVCkMyf0JpgkZAOtNcgIlAc=,06tIe2oYsK6eU2ziYtSHPdjm+cI=
-11,10,tBJ/mVCkMyf0JpgkZAOtNcgIlAc=,R4QtQXUoLdH/k7/zSC04eTI/TR4=
-11,7,tBJ/mVCkMyf0JpgkZAOtNcgIlAc=,ADEsveVjiKmzNVO98DE8LotPPZY=
-11,8,tBJ/mVCkMyf0JpgkZAOtNcgIlAc=,ULdhyFV2yVBBzpgu8jg2qqDvvdc=
-11,9,tBJ/mVCkMyf0JpgkZAOtNcgIlAc=,ULdhyFV2yVBBzpgu8jg2qqDvvdc=
-8,10,tBJ/mVCkMyf0JpgkZAOtNcgIlAc=,u48D2rtYMvFHk8hhZ6iUOtnV3P8=
-9,10,tBJ/mVCkMyf0JpgkZAOtNcgIlAc=,06tIe2oYsK6eU2ziYtSHPdjm+cI=
-7,10,tBJ/mVCkMyf0JpgkZAOtNcgIlAc=,u48D2rtYMvFHk8hhZ6iUOtnV3P8=
-9,7,tBJ/mVCkMyf0JpgkZAOtNcgIlAc=,kuPx3QqDosZmuxNavvL+MH/KxoM=
-7,7,tBJ/mVCkMyf0JpgkZAOtNcgIlAc=,jxZmwcB/Lwbcef5sHG2sUdtunH8=
-8,7,tBJ/mVCkMyf0JpgkZAOtNcgIlAc=,jxZmwcB/Lwbcef5sHG2sUdtunH8=
-2,5,tBJ/mVCkMyf0JpgkZAOtNcgIlAc=,dKOTZsNzg3zTIs0sZnT+oFaA04g=
-2,4,tBJ/mVCkMyf0JpgkZAOtNcgIlAc=,dKOTZsNzg3zTIs0sZnT+oFaA04g=
-10,8,tBJ/mVCkMyf0JpgkZAOtNcgIlAc=,LiyvM/Ett3BHNKFNjM/DTDhdgJw=
-10,9,tBJ/mVCkMyf0JpgkZAOtNcgIlAc=,LiyvM/Ett3BHNKFNjM/DTDhdgJw=
-9,8,tBJ/mVCkMyf0JpgkZAOtNcgIlAc=,LiyvM/Ett3BHNKFNjM/DTDhdgJw=
-8,8,tBJ/mVCkMyf0JpgkZAOtNcgIlAc=,R9RQ+kRi1NhJ2wbAQKch+F+DsLs=
-9,9,tBJ/mVCkMyf0JpgkZAOtNcgIlAc=,LiyvM/Ett3BHNKFNjM/DTDhdgJw=
-7,8,tBJ/mVCkMyf0JpgkZAOtNcgIlAc=,R9RQ+kRi1NhJ2wbAQKch+F+DsLs=
-8,9,tBJ/mVCkMyf0JpgkZAOtNcgIlAc=,R9RQ+kRi1NhJ2wbAQKch+F+DsLs=
-7,9,tBJ/mVCkMyf0JpgkZAOtNcgIlAc=,R9RQ+kRi1NhJ2wbAQKch+F+DsLs=
