2,1,6rPur4aluXNkA5TlLNNk1vxxKW4=,f1AWq7OQxfAxvmQlw9L8LOZvyMA=
1,2,6rPur4aluXNkA5TlLNNk1vxxKW4=,VTsYjz0f4+HHEccwwNaKIwY2NPk=
2,2,6rPur4aluXNkA5TlLNNk1vxxKW4=,G9ZzubXMQXIIFW/oMB3MXun2k6o=
1,1,6rPur4aluXNkA5TlLNNk1vxxKW4=,nV4Eabg0ct7Co7XHSM1cPqETWOA=
2,4,jl1YZ4uf6wVs+JjuYnuD+vKdzkQ=,syzkOnmV94GpdJ/PEUrtt2OUyfA=
2,3,jl1YZ4uf6wVs+JjuYnuD+vKdzkQ=,G9ZzubXMQXIIFW/oMB3MXun2k6o=
1,4,jl1YZ4uf6wVs+JjuYnuD+vKdzkQ=,GRivjvDwsHgWn1ijTqceQDP1Mxw=
1,3,jl1YZ4uf6wVs+JjuYnuD+vKdzkQ=,VTsYjz0f4+HHEccwwNaKIwY2NPk=
2,5,jl1YZ4uf6wVs+JjuYnuD+vKdzkQ=,syzkOnmV94GpdJ/PEUrtt2OUyfA=
2,6,jl1YZ4uf6wVs+JjuYnuD+vKdzkQ=,2dMp1lw3EeA5bouYYLg6ARSqM0w=
1,5,jl1YZ4uf6wVs+JjuYnuD+vKdzkQ=,GRivjvDwsHgWn1ijTqceQDP1Mxw=
1,6,jl1YZ4uf6wVs+JjuYnuD+vKdzkQ=,Jl9eeN/JuiYGy7lEW8MhDksbtTw=
2,8,jl1YZ4uf6wVs+JjuYnuD+vKdzkQ=,QohSsvI1cIeVw9JpWIBaCwsC6wo=
2,7,jl1YZ4uf6wVs+JjuYnuD+vKdzkQ=,2dMp1lw3EeA5bouYYLg6ARSqM0w=
1,7,jl1YZ4uf6wVs+JjuYnuD+vKdzkQ=,Jl9eeN/JuiYGy7lEW8MhDksbtTw=
1,8,jl1YZ4uf6wVs+JjuYnuD+vKdzkQ=,mCSgN/NOaHHgcypzRFcQIm8u8Pk=
2,9,FA4jvGDC1zZayp5jtdsDo+UVDX0=,QohSsvI1cIeVw9JpWIBaCwsC6wo=
2,10,FA4jvGDC1zZayp5jtdsDo+UVDX0=,ZmPiDu9+Sd4TPKlPWVbqb/OBuQk=
1,9,FA4jvGDC1zZayp5jtdsDo+UVDX0=,mCSgN/NOaHHgcypzRFcQIm8u8Pk=
1,10,FA4jvGDC1zZayp5jtdsDo+UVDX0=,ss0bxcRXGPKIToYMj1RDm8FYuyM=
1,11,FA4jvGDC1zZayp5jtdsDo+UVDX0=,ss0bxcRXGPKIToYMj1RDm8FYuyM=
1,12,FA4jvGDC1zZayp5jtdsDo+UVDX0=,Ct3BG+yYkLSesIVI83dj8WmAtsE=
2,11,FA4jvGDC1zZayp5jtdsDo+UVDX0=,ZmPiDu9+Sd4TPKlPWVbqb/OBuQk=
2,12,FA4jvGDC1zZayp5jtdsDo+UVDX0=,fvBBhSv/MHS55UIO08R5qI9kZXg=
2,13,rgb2YzAJc8maNUNVyVJ9j1v1pbw=,fvBBhSv/MHS55UIO08R5qI9kZXg=
1,13,rgb2YzAJc8maNUNVyVJ9j1v1pbw=,Ct3BG+yYkLSesIVI83dj8WmAtsE=
4,14,rgb2YzAJc8maNUNVyVJ9j1v1pbw=,oQFByMm89AVc6Zm3MBgJzJPaK0U=
1,14,rgb2YzAJc8maNUNVyVJ9j1v1pbw=,rbB4boOBrxOw3jkIuBnNVFfXGWg=
2,14,rgb2YzAJc8maNUNVyVJ9j1v1pbw=,WaF6Mi/dFwMYw5BQtw7PlLeUHu0=
4,11,rgb2YzAJc8maNUNVyVJ9j1v1pbw=,7LfLQ2lRFW+215GbIDNIrJko2WY=
3,11,rgb2YzAJc8maNUNVyVJ9j1v1pbw=,ZmPiDu9+Sd4TPKlPWVbqb/OBuQk=
4,12,rpqpO9FXtMP/NlRSvk5mDWC7LyI=,EHI5a+Rqnf0Zm5hWKQermcD9+Uk=
3,12,rpqpO9FXtMP/NlRSvk5mDWC7LyI=,fvBBhSv/MHS55UIO08R5qI9kZXg=
4,13,rpqpO9FXtMP/NlRSvk5mDWC7LyI=,EHI5a+Rqnf0Zm5hWKQermcD9+Uk=
3,13,rpqpO9FXtMP/NlRSvk5mDWC7LyI=,fvBBhSv/MHS55UIO08R5qI9kZXg=
3,14,rpqpO9FXtMP/NlRSvk5mDWC7LyI=,WaF6Mi/dFwMYw5BQtw7PlLeUHu0=
4,10,rpqpO9FXtMP/NlRSvk5mDWC7LyI=,7LfLQ2lRFW+215GbIDNIrJko2WY=
4,9,rpqpO9FXtMP/NlRSvk5mDWC7LyI=,Dluhgge2BdimmK3XnJH/BM8JBMg=
4,3,rpqpO9FXtMP/NlRSvk5mDWC7LyI=,0e69MJ9Yy1rqq7cvs8okKWL02EA=
4,4,rpqpO9FXtMP/NlRSvk5mDWC7LyI=,C6OmmpA+pGKNFstwwq6SLafdBjc=
3,4,rpqpO9FXtMP/NlRSvk5mDWC7LyI=,syzkOnmV94GpdJ/PEUrtt2OUyfA=
3,3,rpqpO9FXtMP/NlRSvk5mDWC7LyI=,G9ZzubXMQXIIFW/oMB3MXun2k6o=
3,9,rpqpO9FXtMP/NlRSvk5mDWC7LyI=,QohSsvI1cIeVw9JpWIBaCwsC6wo=
3,10,rpqpO9FXtMP/NlRSvk5mDWC7LyI=,ZmPiDu9+Sd4TPKlPWVbqb/OBuQk=
4,8,rpqpO9FXtMP/NlRSvk5mDWC7LyI=,Dluhgge2BdimmK3XnJH/BM8JBMg=
4,7,7cwpFIVoy9IQf1gtrmp0yOBcQg0=,dFnkQYCfgd+eZYt6eqolFcwBUNw=
4,2,7cwpFIVoy9IQf1gtrmp0yOBcQg0=,0e69MJ9Yy1rqq7cvs8okKWL02EA=
4,6,7cwpFIVoy9IQf1gtrmp0yOBcQg0=,dFnkQYCfgd+eZYt6eqolFcwBUNw=
4,1,7cwpFIVoy9IQf1gtrmp0yOBcQg0=,D6owTtREVr3oApAXQnFy9158NFs=
3,1,7cwpFIVoy9IQf1gtrmp0yOBcQg0=,f1AWq7OQxfAxvmQlw9L8LOZvyMA=
3,2,7cwpFIVoy9IQf1gtrmp0yOBcQg0=,G9ZzubXMQXIIFW/oMB3MXun2k6o=
4,5,7cwpFIVoy9IQf1gtrmp0yOBcQg0=,C6OmmpA+pGKNFstwwq6SLafdBjc=
3,8,7cwpFIVoy9IQf1gtrmp0yOBcQg0=,QohSsvI1cIeVw9JpWIBaCwsC6wo=
3,5,7cwpFIVoy9IQf1gtrmp0yOBcQg0=,syzkOnmV94GpdJ/PEUrtt2OUyfA=
3,7,7cwpFIVoy9IQf1gtrmp0yOBcQg0=,2dMp1lw3EeA5bouYYLg6ARSqM0w=
6,3,7cwpFIVoy9IQf1gtrmp0yOBcQg0=,sdCBh7/tvtgcENDkRXD+m+0/6KQ=
3,6,7cwpFIVoy9IQf1gtrmp0yOBcQg0=,2dMp1lw3EeA5bouYYLg6ARSqM0w=
6,4,7cwpFIVoy9IQf1gtrmp0yOBcQg0=,CDCb+MXB5MZg3LOth53qTUGGKZ0=
5,3,7cwpFIVoy9IQf1gtrmp0yOBcQg0=,0e69MJ9Yy1rqq7cvs8okKWL02EA=
5,4,4txB/VGeXDY4TFMz+MDuTpj5ld0=,C6OmmpA+pGKNFstwwq6SLafdBjc=
6,5,4txB/VGeXDY4TFMz+MDuTpj5ld0=,CDCb+MXB5MZg3LOth53qTUGGKZ0=
6,1,4txB/VGeXDY4TFMz+MDuTpj5ld0=,gAWq2mWLCAdxLaQuu/AZ9/XlAGg=
5,5,4txB/VGeXDY4TFMz+MDuTpj5ld0=,C6OmmpA+pGKNFstwwq6SLafdBjc=
5,1,4txB/VGeXDY4TFMz+MDuTpj5ld0=,D6owTtREVr3oApAXQnFy9158NFs=
6,2,4txB/VGeXDY4TFMz+MDuTpj5ld0=,sdCBh7/tvtgcENDkRXD+m+0/6KQ=
5,2,4txB/VGeXDY4TFMz+MDuTpj5ld0=,0e69MJ9Yy1rqq7cvs8okKWL02EA=
5,6,4txB/VGeXDY4TFMz+MDuTpj5ld0=,dFnkQYCfgd+eZYt6eqolFcwBUNw=
6,6,4txB/VGeXDY4TFMz+MDuTpj5ld0=,qIDkoVhbwL9viHvafJQpxhZJVSk=
6,8,pvJHZnu84tuiS+aZedHneDvJV8o=,uLzGNTP+VCl/HN6BryEqT/3yCEk=
6,9,pvJHZnu84tuiS+aZedHneDvJV8o=,uLzGNTP+VCl/HN6BryEqT/3yCEk=
6,10,pvJHZnu84tuiS+aZedHneDvJV8o=,OObSv0gOA1LwJ+gkThvB5WecfdM=
6,11,pvJHZnu84tuiS+aZedHneDvJV8o=,OObSv0gOA1LwJ+gkThvB5WecfdM=
6,13,pvJHZnu84tuiS+aZedHneDvJV8o=,E+rJIVDT8xoMUyrILr26ASLiveA=
6,12,pvJHZnu84tuiS+aZedHneDvJV8o=,E+rJIVDT8xoMUyrILr26ASLiveA=
5,10,pvJHZnu84tuiS+aZedHneDvJV8o=,7LfLQ2lRFW+215GbIDNIrJko2WY=
5,9,pvJHZnu84tuiS+aZedHneDvJV8o=,Dluhgge2BdimmK3XnJH/BM8JBMg=
6,7,pvJHZnu84tuiS+aZedHneDvJV8o=,qIDkoVhbwL9viHvafJQpxhZJVSk=
5,11,pvJHZnu84tuiS+aZedHneDvJV8o=,7LfLQ2lRFW+215GbIDNIrJko2WY=
5,13,pvJHZnu84tuiS+aZedHneDvJV8o=,EHI5a+Rqnf0Zm5hWKQermcD9+Uk=
5,12,pvJHZnu84tuiS+aZedHneDvJV8o=,EHI5a+Rqnf0Zm5hWKQermcD9+Uk=
6,14,pvJHZnu84tuiS+aZedHneDvJV8o=,h9udHODQA5t/l5Ibkuxrc/6ygRg=
5,8,pvJHZnu84tuiS+aZedHneDvJV8o=,Dluhgge2BdimmK3XnJH/BM8JBMg=
5,14,pvJHZnu84tuiS+aZedHneDvJV8o=,oQFByMm89AVc6Zm3MBgJzJPaK0U=
5,7,pvJHZnu84tuiS+aZedHneDvJV8o=,dFnkQYCfgd+eZYt6eqolFcwBUNw=
8,7,pvJHZnu84tuiS+aZedHneDvJV8o=,yZB3d+QMZZ1u7LOZ7v6odEPqcEk=
8,6,GYXJRWtLgvpVzjLb7qgzRU1o+tc=,yZB3d+QMZZ1u7LOZ7v6odEPqcEk=
7,6,GYXJRWtLgvpVzjLb7qgzRU1o+tc=,qIDkoVhbwL9viHvafJQpxhZJVSk=
7,7,GYXJRWtLgvpVzjLb7qgzRU1o+tc=,qIDkoVhbwL9viHvafJQpxhZJVSk=
8,8,GYXJRWtLgvpVzjLb7qgzRU1o+tc=,Zm92iQP9zIoJ4bagqeRpFy3dKdA=
7,8,GYXJRWtLgvpVzjLb7qgzRU1o+tc=,uLzGNTP+VCl/HN6BryEqT/3yCEk=
7,5,GYXJRWtLgvpVzjLb7qgzRU1o+tc=,CDCb+MXB5MZg3LOth53qTUGGKZ0=
7,4,GYXJRWtLgvpVzjLb7qgzRU1o+tc=,CDCb+MXB5MZg3LOth53qTUGGKZ0=
7,3,GYXJRWtLgvpVzjLb7qgzRU1o+tc=,sdCBh7/tvtgcENDkRXD+m+0/6KQ=
8,3,GYXJRWtLgvpVzjLb7qgzRU1o+tc=,3CXt3iOKaxKur5ZbU1lxnTfhK1w=
8,5,GYXJRWtLgvpVzjLb7qgzRU1o+tc=,dRON3cmGVFTW8c3WMGwW6x2N+po=
8,4,GYXJRWtLgvpVzjLb7qgzRU1o+tc=,dRON3cmGVFTW8c3WMGwW6x2N+po=
8,2,GYXJRWtLgvpVzjLb7qgzRU1o+tc=,3CXt3iOKaxKur5ZbU1lxnTfhK1w=
7,2,GYXJRWtLgvpVzjLb7qgzRU1o+tc=,sdCBh7/tvtgcENDkRXD+m+0/6KQ=
8,1,GYXJRWtLgvpVzjLb7qgzRU1o+tc=,vyLg4YV/dXvtXWsXp3YAkHK7FJ0=
7,1,GYXJRWtLgvpVzjLb7qgzRU1o+tc=,gAWq2mWLCAdxLaQuu/AZ9/XlAGg=
10,5,GYXJRWtLgvpVzjLb7qgzRU1o+tc=,d7Tdi5HG6SPwo3wlMusvyGZMYV4=
10,4,GYXJRWtLgvpVzjLb7qgzRU1o+tc=,d7Tdi5HG6SPwo3wlMusvyGZMYV4=
10,6,hO14SV9oKbvlc8ad4+EsCNPpa2c=,v2Ny4kg0OmUEfeo8sc8qU/y/PgU=
10,3,hO14SV9oKbvlc8ad4+EsCNPpa2c=,Ru8LNolk9GS/NuxV2KySu/+yy4U=
10,1,hO14SV9oKbvlc8ad4+EsCNPpa2c=,++B5vxmiCvd2/DcSLApTlV2Yhdo=
10,7,hO14SV9oKbvlc8ad4+EsCNPpa2c=,v2Ny4kg0OmUEfeo8sc8qU/y/PgU=
9,4,hO14SV9oKbvlc8ad4+EsCNPpa2c=,dRON3cmGVFTW8c3WMGwW6x2N+po=
9,6,hO14SV9oKbvlc8ad4+EsCNPpa2c=,yZB3d+QMZZ1u7LOZ7v6odEPqcEk=
10,2,hO14SV9oKbvlc8ad4+EsCNPpa2c=,Ru8LNolk9GS/NuxV2KySu/+yy4U=
10,8,hO14SV9oKbvlc8ad4+EsCNPpa2c=,A627vzG5nVjr9WlxmHHGGyTFW88=
9,7,hO14SV9oKbvlc8ad4+EsCNPpa2c=,yZB3d+QMZZ1u7LOZ7v6odEPqcEk=
9,2,hO14SV9oKbvlc8ad4+EsCNPpa2c=,3CXt3iOKaxKur5ZbU1lxnTfhK1w=
9,3,hO14SV9oKbvlc8ad4+EsCNPpa2c=,3CXt3iOKaxKur5ZbU1lxnTfhK1w=
9,5,hO14SV9oKbvlc8ad4+EsCNPpa2c=,dRON3cmGVFTW8c3WMGwW6x2N+po=
9,1,hO14SV9oKbvlc8ad4+EsCNPpa2c=,vyLg4YV/dXvtXWsXp3YAkHK7FJ0=
9,8,hO14SV9oKbvlc8ad4+EsCNPpa2c=,Zm92iQP9zIoJ4bagqeRpFy3dKdA=
10,9,4Sr6ZQFVOVAZY/u9yW31Z7SIW0w=,A627vzG5nVjr9WlxmHHGGyTFW88=
10,10,4Sr6ZQFVOVAZY/u9yW31Z7SIW0w=,l617wEXF4uOTPoKVTZ6IQD2Ib6A=
8,9,4Sr6ZQFVOVAZY/u9yW31Z7SIW0w=,Zm92iQP9zIoJ4bagqeRpFy3dKdA=
7,9,4Sr6ZQFVOVAZY/u9yW31Z7SIW0w=,uLzGNTP+VCl/HN6BryEqT/3yCEk=
7,10,4Sr6ZQFVOVAZY/u9yW31Z7SIW0w=,OObSv0gOA1LwJ+gkThvB5WecfdM=
9,9,4Sr6ZQFVOVAZY/u9yW31Z7SIW0w=,Zm92iQP9zIoJ4bagqeRpFy3dKdA=
8,10,T32qIssVMhcx9+lkDagtBkzF5q8=,zsgvw0e/MVVfIRHOrlFbL+ftgWM=
9,10,T32qIssVMhcx9+lkDagtBkzF5q8=,zsgvw0e/MVVfIRHOrlFbL+ftgWM=
7,14,T32qIssVMhcx9+lkDagtBkzF5q8=,h9udHODQA5t/l5Ibkuxrc/6ygRg=
10,12,T32qIssVMhcx9+lkDagtBkzF5q8=,f8goYdgHy/OvSSVOULlynh72SoE=
10,11,T32qIssVMhcx9+lkDagtBkzF5q8=,l617wEXF4uOTPoKVTZ6IQD2Ib6A=
7,12,T32qIssVMhcx9+lkDagtBkzF5q8=,E+rJIVDT8xoMUyrILr26ASLiveA=
8,14,T32qIssVMhcx9+lkDagtBkzF5q8=,91gkP7MuTscNkOwQ6qmHYVWxZ0c=
8,13,T32qIssVMhcx9+lkDagtBkzF5q8=,cS3pjQim6eRyTUJCLKMRceMBK1w=
9,12,T32qIssVMhcx9+lkDagtBkzF5q8=,cS3pjQim6eRyTUJCLKMRceMBK1w=
8,12,T32qIssVMhcx9+lkDagtBkzF5q8=,cS3pjQim6eRyTUJCLKMRceMBK1w=
7,11,T32qIssVMhcx9+lkDagtBkzF5q8=,OObSv0gOA1LwJ+gkThvB5WecfdM=
7,13,T32qIssVMhcx9+lkDagtBkzF5q8=,E+rJIVDT8xoMUyrILr26ASLiveA=
8,11,T32qIssVMhcx9+lkDagtBkzF5q8=,zsgvw0e/MVVfIRHOrlFbL+ftgWM=
9,11,T32qIssVMhcx9+lkDagtBkzF5q8=,zsgvw0e/MVVfIRHOrlFbL+ftgWM=
9,13,T32qIssVMhcx9+lkDagtBkzF5q8=,cS3pjQim6eRyTUJCLKMRceMBK1w=
10,13,T32qIssVMhcx9+lkDagtBkzF5q8=,f8goYdgHy/OvSSVOULlynh72SoE=
9,14,gkQ8cWwZd4bjo1MlA1MSowW6Q4g=,91gkP7MuTscNkOwQ6qmHYVWxZ0c=
10,14,gkQ8cWwZd4bjo1MlA1MSowW6Q4g=,mD0hfw9/joJUcA54SuE9OedRxLw=
12,14,gkQ8cWwZd4bjo1MlA1MSowW6Q4g=,O8XuHhTYMoXXStp+NSyb4gl7yZ8=
12,13,gkQ8cWwZd4bjo1MlA1MSowW6Q4g=,KpGpYAZMz9O11VtYEHbkWJ+fqlk=
11,14,gkQ8cWwZd4bjo1MlA1MSowW6Q4g=,mD0hfw9/joJUcA54SuE9OedRxLw=
11,13,gkQ8cWwZd4bjo1MlA1MSowW6Q4g=,f8goYdgHy/OvSSVOULlynh72SoE=
12,11,gkQ8cWwZd4bjo1MlA1MSowW6Q4g=,KSW5acBIEWEHd1QsvsypCD9mxEI=
11,11,gkQ8cWwZd4bjo1MlA1MSowW6Q4g=,l617wEXF4uOTPoKVTZ6IQD2Ib6A=
11,12,gkQ8cWwZd4bjo1MlA1MSowW6Q4g=,f8goYdgHy/OvSSVOULlynh72SoE=
12,12,gkQ8cWwZd4bjo1MlA1MSowW6Q4g=,KpGpYAZMz9O11VtYEHbkWJ+fqlk=
12,7,gkQ8cWwZd4bjo1MlA1MSowW6Q4g=,YX9PU22wKdmh5XEEmz/HX28jvfY=
11,8,gkQ8cWwZd4bjo1MlA1MSowW6Q4g=,A627vzG5nVjr9WlxmHHGGyTFW88=
11,10,baD8TwLRaduemsHlvdbCE+M5XhM=,l617wEXF4uOTPoKVTZ6IQD2Ib6A=
12,10,baD8TwLRaduemsHlvdbCE+M5XhM=,KSW5acBIEWEHd1QsvsypCD9mxEI=
11,7,baD8TwLRaduemsHlvdbCE+M5XhM=,v2Ny4kg0OmUEfeo8sc8qU/y/PgU=
11,9,baD8TwLRaduemsHlvdbCE+M5XhM=,A627vzG5nVjr9WlxmHHGGyTFW88=
12,6,baD8TwLRaduemsHlvdbCE+M5XhM=,YX9PU22wKdmh5XEEmz/HX28jvfY=
12,9,baD8TwLRaduemsHlvdbCE+M5XhM=,2mMT98sZJuo1Zx6heimdRm53lA4=
12,5,baD8TwLRaduemsHlvdbCE+M5XhM=,W0xfV12ggRLuamgLRYzyTmq7F3g=
12,8,baD8TwLRaduemsHlvdbCE+M5XhM=,2mMT98sZJuo1Zx6heimdRm53lA4=
11,6,baD8TwLRaduemsHlvdbCE+M5XhM=,v2Ny4kg0OmUEfeo8sc8qU/y/PgU=
11,5,baD8TwLRaduemsHlvdbCE+M5XhM=,d7Tdi5HG6SPwo3wlMusvyGZMYV4=
11,2,baD8TwLRaduemsHlvdbCE+M5XhM=,Ru8LNolk9GS/NuxV2KySu/+yy4U=
12,3,baD8TwLRaduemsHlvdbCE+M5XhM=,UPUubEsxf1cERP8SePSR+Ul2c5E=
11,3,baD8TwLRaduemsHlvdbCE+M5XhM=,Ru8LNolk9GS/NuxV2KySu/+yy4U=
11,4,baD8TwLRaduemsHlvdbCE+M5XhM=,d7Tdi5HG6SPwo3wlMusvyGZMYV4=
11,1,baD8TwLRaduemsHlvdbCE+M5XhM=,++B5vxmiCvd2/DcSLApTlV2Yhdo=
12,2,baD8TwLRaduemsHlvdbCE+M5XhM=,UPUubEsxf1cERP8SePSR+Ul2c5E=
12,4,baD8TwLRaduemsHlvdbCE+M5XhM=,W0xfV12ggRLuamgLRYzyTmq7F3g=
14,1,baD8TwLRaduemsHlvdbCE+M5XhM=,2cdWcZku2sceMhA5OZQn//pJQas=
12,1,baD8TwLRaduemsHlvdbCE+M5XhM=,v1N+Z9qHWsTCeC5iIl8vjX2bEDw=
14,2,baD8TwLRaduemsHlvdbCE+M5XhM=,KfhxuwgC+t0hMAfLHjQRijhY3F4=
13,1,baD8TwLRaduemsHlvdbCE+M5XhM=,v1N+Z9qHWsTCeC5iIl8vjX2bEDw=
13,2,baD8TwLRaduemsHlvdbCE+M5XhM=,UPUubEsxf1cERP8SePSR+Ul2c5E=
14,3,baD8TwLRaduemsHlvdbCE+M5XhM=,KfhxuwgC+t0hMAfLHjQRijhY3F4=
14,4,baD8TwLRaduemsHlvdbCE+M5XhM=,7zGl7iCHg0etYiig+2oZIFf5xQs=
13,4,baD8TwLRaduemsHlvdbCE+M5XhM=,W0xfV12ggRLuamgLRYzyTmq7F3g=
13,3,baD8TwLRaduemsHlvdbCE+M5XhM=,UPUubEsxf1cERP8SePSR+Ul2c5E=
14,5,baD8TwLRaduemsHlvdbCE+M5XhM=,7zGl7iCHg0etYiig+2oZIFf5xQs=
14,6,HESx7qcaRVQKQNMeAEew0hwGSp4=,lZRJ/1o05nJmyLmY4TVJxXKKshU=
13,5,HESx7qcaRVQKQNMeAEew0hwGSp4=,W0xfV12ggRLuamgLRYzyTmq7F3g=
14,7,HESx7qcaRVQKQNMeAEew0hwGSp4=,lZRJ/1o05nJmyLmY4TVJxXKKshU=
14,9,HESx7qcaRVQKQNMeAEew0hwGSp4=,QPAVBzZxUvfmSNkH3ZuBKyzLBk4=
13,6,HESx7qcaRVQKQNMeAEew0hwGSp4=,YX9PU22wKdmh5XEEmz/HX28jvfY=
14,11,HESx7qcaRVQKQNMeAEew0hwGSp4=,I61M2xf4uu2wlZ9ORWuxkPk2crI=
14,8,HESx7qcaRVQKQNMeAEew0hwGSp4=,QPAVBzZxUvfmSNkH3ZuBKyzLBk4=
14,12,HESx7qcaRVQKQNMeAEew0hwGSp4=,1BminNbC1UB6jZLXpscPcEChgYI=
14,10,HESx7qcaRVQKQNMeAEew0hwGSp4=,I61M2xf4uu2wlZ9ORWuxkPk2crI=
13,7,HESx7qcaRVQKQNMeAEew0hwGSp4=,YX9PU22wKdmh5XEEmz/HX28jvfY=
13,11,HESx7qcaRVQKQNMeAEew0hwGSp4=,KSW5acBIEWEHd1QsvsypCD9mxEI=
13,10,HESx7qcaRVQKQNMeAEew0hwGSp4=,KSW5acBIEWEHd1QsvsypCD9mxEI=
13,12,HESx7qcaRVQKQNMeAEew0hwGSp4=,KpGpYAZMz9O11VtYEHbkWJ+fqlk=
14,13,HESx7qcaRVQKQNMeAEew0hwGSp4=,1BminNbC1UB6jZLXpscPcEChgYI=
13,8,HESx7qcaRVQKQNMeAEew0hwGSp4=,2mMT98sZJuo1Zx6heimdRm53lA4=
14,14,HESx7qcaRVQKQNMeAEew0hwGSp4=,P+OvwR+gSc3yPCb6lCF/Z3n6RkU=
13,9,HESx7qcaRVQKQNMeAEew0hwGSp4=,2mMT98sZJuo1Zx6heimdRm53lA4=
13,14,HESx7qcaRVQKQNMeAEew0hwGSp4=,O8XuHhTYMoXXStp+NSyb4gl7yZ8=
13,13,HESx7qcaRVQKQNMeAEew0hwGSp4=,KpGpYAZMz9O11VtYEHbkWJ+fqlk=
15,13,HESx7qcaRVQKQNMeAEew0hwGSp4=,1BminNbC1UB6jZLXpscPcEChgYI=
14,15,E+yMYnb5+7N52KE+LFBoj8vyACE=,P+OvwR+gSc3yPCb6lCF/Z3n6RkU=
15,14,E+yMYnb5+7N52KE+LFBoj8vyACE=,P+OvwR+gSc3yPCb6lCF/Z3n6RkU=
12,15,E+yMYnb5+7N52KE+LFBoj8vyACE=,O8XuHhTYMoXXStp+NSyb4gl7yZ8=
11,15,E+yMYnb5+7N52KE+LFBoj8vyACE=,mD0hfw9/joJUcA54SuE9OedRxLw=
13,15,E+yMYnb5+7N52KE+LFBoj8vyACE=,O8XuHhTYMoXXStp+NSyb4gl7yZ8=
10,15,E+yMYnb5+7N52KE+LFBoj8vyACE=,mD0hfw9/joJUcA54SuE9OedRxLw=
9,15,E+yMYnb5+7N52KE+LFBoj8vyACE=,91gkP7MuTscNkOwQ6qmHYVWxZ0c=
8,15,E+yMYnb5+7N52KE+LFBoj8vyACE=,91gkP7MuTscNkOwQ6qmHYVWxZ0c=
6,15,E+yMYnb5+7N52KE+LFBoj8vyACE=,h9udHODQA5t/l5Ibkuxrc/6ygRg=
7,15,E+yMYnb5+7N52KE+LFBoj8vyACE=,h9udHODQA5t/l5Ibkuxrc/6ygRg=
5,15,E+yMYnb5+7N52KE+LFBoj8vyACE=,oQFByMm89AVc6Zm3MBgJzJPaK0U=
4,15,E+yMYnb5+7N52KE+LFBoj8vyACE=,oQFByMm89AVc6Zm3MBgJzJPaK0U=
2,15,E+yMYnb5+7N52KE+LFBoj8vyACE=,WaF6Mi/dFwMYw5BQtw7PlLeUHu0=
1,15,E+yMYnb5+7N52KE+LFBoj8vyACE=,rbB4boOBrxOw3jkIuBnNVFfXGWg=
3,15,E+yMYnb5+7N52KE+LFBoj8vyACE=,WaF6Mi/dFwMYw5BQtw7PlLeUHu0=
0,14,VM6RFyTanB/ZAP3Kb9HvunARsPQ=,rbB4boOBrxOw3jkIuBnNVFfXGWg=
0,13,VM6RFyTanB/ZAP3Kb9HvunARsPQ=,Ct3BG+yYkLSesIVI83dj8WmAtsE=
0,11,VM6RFyTanB/ZAP3Kb9HvunARsPQ=,ss0bxcRXGPKIToYMj1RDm8FYuyM=
0,12,VM6RFyTanB/ZAP3Kb9HvunARsPQ=,Ct3BG+yYkLSesIVI83dj8WmAtsE=
0,10,VM6RFyTanB/ZAP3Kb9HvunARsPQ=,ss0bxcRXGPKIToYMj1RDm8FYuyM=
0,9,VM6RFyTanB/ZAP3Kb9HvunARsPQ=,mCSgN/NOaHHgcypzRFcQIm8u8Pk=
0,7,VM6RFyTanB/ZAP3Kb9HvunARsPQ=,Jl9eeN/JuiYGy7lEW8MhDksbtTw=
0,8,VM6RFyTanB/ZAP3Kb9HvunARsPQ=,mCSgN/NOaHHgcypzRFcQIm8u8Pk=
0,6,VM6RFyTanB/ZAP3Kb9HvunARsPQ=,Jl9eeN/JuiYGy7lEW8MhDksbtTw=
0,0,VM6RFyTanB/ZAP3Kb9HvunARsPQ=,nV4Eabg0ct7Co7XHSM1cPqETWOA=
0,2,VM6RFyTanB/ZAP3Kb9HvunARsPQ=,VTsYjz0f4+HHEccwwNaKIwY2NPk=
0,1,VM6RFyTanB/ZAP3Kb9HvunARsPQ=,nV4Eabg0ct7Co7XHSM1cPqETWOA=
0,5,VM6RFyTanB/ZAP3Kb9HvunARsPQ=,GRivjvDwsHgWn1ijTqceQDP1Mxw=
4,0,VM6RFyTanB/ZAP3Kb9HvunARsPQ=,D6owTtREVr3oApAXQnFy9158NFs=
0,4,VM6RFyTanB/ZAP3Kb9HvunARsPQ=,GRivjvDwsHgWn1ijTqceQDP1Mxw=
2,0,VM6RFyTanB/ZAP3Kb9HvunARsPQ=,f1AWq7OQxfAxvmQlw9L8LOZvyMA=
1,0,VM6RFyTanB/ZAP3Kb9HvunARsPQ=,nV4Eabg0ct7Co7XHSM1cPqETWOA=
0,3,VM6RFyTanB/ZAP3Kb9HvunARsPQ=,VTsYjz0f4+HHEccwwNaKIwY2NPk=
6,0,VM6RFyTanB/ZAP3Kb9HvunARsPQ=,gAWq2mWLCAdxLaQuu/AZ9/XlAGg=
3,0,VM6RFyTanB/ZAP3Kb9HvunARsPQ=,f1AWq7OQxfAxvmQlw9L8LOZvyMA=
5,0,iHjsNZmtZN1T/i3sYAq/NyvSnuQ=,D6owTtREVr3oApAXQnFy9158NFs=
10,0,iHjsNZmtZN1T/i3sYAq/NyvSnuQ=,++B5vxmiCvd2/DcSLApTlV2Yhdo=
12,0,iHjsNZmtZN1T/i3sYAq/NyvSnuQ=,v1N+Z9qHWsTCeC5iIl8vjX2bEDw=
9,0,iHjsNZmtZN1T/i3sYAq/NyvSnuQ=,vyLg4YV/dXvtXWsXp3YAkHK7FJ0=
8,0,iHjsNZmtZN1T/i3sYAq/NyvSnuQ=,vyLg4YV/dXvtXWsXp3YAkHK7FJ0=
11,0,iHjsNZmtZN1T/i3sYAq/NyvSnuQ=,++B5vxmiCvd2/DcSLApTlV2Yhdo=
14,0,iHjsNZmtZN1T/i3sYAq/NyvSnuQ=,2cdWcZku2sceMhA5OZQn//pJQas=
15,1,iHjsNZmtZN1T/i3sYAq/NyvSnuQ=,2cdWcZku2sceMhA5OZQn//pJQas=
15,2,iHjsNZmtZN1T/i3sYAq/NyvSnuQ=,KfhxuwgC+t0hMAfLHjQRijhY3F4=
7,0,iHjsNZmtZN1T/i3sYAq/NyvSnuQ=,gAWq2mWLCAdxLaQuu/AZ9/XlAGg=
13,0,iHjsNZmtZN1T/i3sYAq/NyvSnuQ=,v1N+Z9qHWsTCeC5iIl8vjX2bEDw=
15,3,iHjsNZmtZN1T/i3sYAq/NyvSnuQ=,KfhxuwgC+t0hMAfLHjQRijhY3F4=
15,5,iHjsNZmtZN1T/i3sYAq/NyvSnuQ=,7zGl7iCHg0etYiig+2oZIFf5xQs=
15,4,iHjsNZmtZN1T/i3sYAq/NyvSnuQ=,7zGl7iCHg0etYiig+2oZIFf5xQs=
15,7,iHjsNZmtZN1T/i3sYAq/NyvSnuQ=,lZRJ/1o05nJmyLmY4TVJxXKKshU=
0,15,iHjsNZmtZN1T/i3sYAq/NyvSnuQ=,rbB4boOBrxOw3jkIuBnNVFfXGWg=
15,8,OVAG2+NdAUru0hI4OKF9rEHrCV0=,QPAVBzZxUvfmSNkH3ZuBKyzLBk4=
15,6,OVAG2+NdAUru0hI4OKF9rEHrCV0=,lZRJ/1o05nJmyLmY4TVJxXKKshU=
15,12,OVAG2+NdAUru0hI4OKF9rEHrCV0=,1BminNbC1UB6jZLXpscPcEChgYI=
15,9,OVAG2+NdAUru0hI4OKF9rEHrCV0=,QPAVBzZxUvfmSNkH3ZuBKyzLBk4=
15,0,OVAG2+NdAUru0hI4OKF9rEHrCV0=,2cdWcZku2sceMhA5OZQn//pJQas=
15,15,OVAG2+NdAUru0hI4OKF9rEHrCV0=,P+OvwR+gSc3yPCb6lCF/Z3n6RkU=
15,11,OVAG2+NdAUru0hI4OKF9rEHrCV0=,I61M2xf4uu2wlZ9ORWuxkPk2crI=
15,10,OVAG2+NdAUru0hI4OKF9rEHrCV0=,I61M2xf4uu2wlZ9ORWuxkPk2crI=
12,20,7hJXvx5tqS6aipEdwIJRBYM+7G8=,0UuHXDHiQlgZbYzNUnZySJGA0jc=
11,19,7hJXvx5tqS6aipEdwIJRBYM+7G8=,KDKPhXczBTMllzshCE1SY7ml3iA=
11,20,7hJXvx5tqS6aipEdwIJRBYM+7G8=,FPDbTVfbR3FDItKkPi9shZui3yk=
12,19,7hJXvx5tqS6aipEdwIJRBYM+7G8=,5rhZVL0ov0EXXIoWo1fp2SQtth8=
10,20,7hJXvx5tqS6aipEdwIJRBYM+7G8=,FPDbTVfbR3FDItKkPi9shZui3yk=
9,20,7hJXvx5tqS6aipEdwIJRBYM+7G8=,L/vnCk7+xBlZfSbmTmqMIRFwz64=
10,19,7hJXvx5tqS6aipEdwIJRBYM+7G8=,KDKPhXczBTMllzshCE1SY7ml3iA=
9,19,7hJXvx5tqS6aipEdwIJRBYM+7G8=,0DDQ/2fiu0VkH0q9zARtxxB/M5E=
9,22,7hJXvx5tqS6aipEdwIJRBYM+7G8=,dPo11Vn+cu+wS0Vek6plr41Tklk=
9,21,7hJXvx5tqS6aipEdwIJRBYM+7G8=,L/vnCk7+xBlZfSbmTmqMIRFwz64=
10,22,7hJXvx5tqS6aipEdwIJRBYM+7G8=,ozwWwuWQtmAgWb7tcpWcCOCioW8=
10,21,7hJXvx5tqS6aipEdwIJRBYM+7G8=,FPDbTVfbR3FDItKkPi9shZui3yk=
7,20,7hJXvx5tqS6aipEdwIJRBYM+7G8=,Sn1t0Qn170c1eQ6hnCoRfuMu5HA=
7,19,7hJXvx5tqS6aipEdwIJRBYM+7G8=,Y2dHN9TVbM8m72OOA//scjSrHiE=
8,20,7hJXvx5tqS6aipEdwIJRBYM+7G8=,L/vnCk7+xBlZfSbmTmqMIRFwz64=
8,19,7hJXvx5tqS6aipEdwIJRBYM+7G8=,0DDQ/2fiu0VkH0q9zARtxxB/M5E=
8,22,7hJXvx5tqS6aipEdwIJRBYM+7G8=,dPo11Vn+cu+wS0Vek6plr41Tklk=
7,22,9YQVe9kMdYjCNT3hXvnDmveGaIo=,JIK88+TxAimSLbHr1hgFeDTI8VA=
7,21,9YQVe9kMdYjCNT3hXvnDmveGaIo=,Sn1t0Qn170c1eQ6hnCoRfuMu5HA=
8,21,9YQVe9kMdYjCNT3hXvnDmveGaIo=,L/vnCk7+xBlZfSbmTmqMIRFwz64=
6,19,9YQVe9kMdYjCNT3hXvnDmveGaIo=,Y2dHN9TVbM8m72OOA//scjSrHiE=
6,20,9YQVe9kMdYjCNT3hXvnDmveGaIo=,Sn1t0Qn170c1eQ6hnCoRfuMu5HA=
5,19,9YQVe9kMdYjCNT3hXvnDmveGaIo=,GzPBhCsvQy7bKVbhXn6iifPad7M=
5,20,9YQVe9kMdYjCNT3hXvnDmveGaIo=,/brP4JjDJr6iOOwZ5CvWzv+Hgz4=
5,21,9YQVe9kMdYjCNT3hXvnDmveGaIo=,/brP4JjDJr6iOOwZ5CvWzv+Hgz4=
6,21,9YQVe9kMdYjCNT3hXvnDmveGaIo=,Sn1t0Qn170c1eQ6hnCoRfuMu5HA=
5,22,9YQVe9kMdYjCNT3hXvnDmveGaIo=,JIK88+TxAimSLbHr1hgFeDTI8VA=
6,22,9YQVe9kMdYjCNT3hXvnDmveGaIo=,JIK88+TxAimSLbHr1hgFeDTI8VA=
3,22,9YQVe9kMdYjCNT3hXvnDmveGaIo=,IC6TO8vqx0jGtAu4QV6PVbfuZAk=
3,20,9YQVe9kMdYjCNT3hXvnDmveGaIo=,QfCOn9NRDTMqkco/M6dlZaAvGUk=
4,22,9YQVe9kMdYjCNT3hXvnDmveGaIo=,JIK88+TxAimSLbHr1hgFeDTI8VA=
3,21,9YQVe9kMdYjCNT3hXvnDmveGaIo=,QfCOn9NRDTMqkco/M6dlZaAvGUk=
4,19,9YQVe9kMdYjCNT3hXvnDmveGaIo=,GzPBhCsvQy7bKVbhXn6iifPad7M=
3,19,9YQVe9kMdYjCNT3hXvnDmveGaIo=,GxI8z9HD0eIauB8+wiQ7NcE7/b0=
4,20,9YQVe9kMdYjCNT3hXvnDmveGaIo=,/brP4JjDJr6iOOwZ5CvWzv+Hgz4=
4,21,9YQVe9kMdYjCNT3hXvnDmveGaIo=,/brP4JjDJr6iOOwZ5CvWzv+Hgz4=
1,20,9YQVe9kMdYjCNT3hXvnDmveGaIo=,EpDRqSzPpcMTpuhRYcBh684u5pc=
2,19,SiUZb+ePxCZS2u60X9xPuETI4ns=,GxI8z9HD0eIauB8+wiQ7NcE7/b0=
2,20,SiUZb+ePxCZS2u60X9xPuETI4ns=,QfCOn9NRDTMqkco/M6dlZaAvGUk=
1,18,SiUZb+ePxCZS2u60X9xPuETI4ns=,wkrHySfS3oEkJgPRnyYf4WwyHWY=
1,19,SiUZb+ePxCZS2u60X9xPuETI4ns=,wkrHySfS3oEkJgPRnyYf4WwyHWY=
1,17,SiUZb+ePxCZS2u60X9xPuETI4ns=,PS9O8FadeqqivLB6d/tNsanNG1U=
2,18,SiUZb+ePxCZS2u60X9xPuETI4ns=,GxI8z9HD0eIauB8+wiQ7NcE7/b0=
2,17,SiUZb+ePxCZS2u60X9xPuETI4ns=,SJgyXC7bqdRXjf8nNCBb4jKDrWo=
4,18,SiUZb+ePxCZS2u60X9xPuETI4ns=,GzPBhCsvQy7bKVbhXn6iifPad7M=
3,18,SiUZb+ePxCZS2u60X9xPuETI4ns=,GxI8z9HD0eIauB8+wiQ7NcE7/b0=
4,17,SiUZb+ePxCZS2u60X9xPuETI4ns=,/PDTPC+eVwTJBH2m69uLeUdNe/o=
6,17,SiUZb+ePxCZS2u60X9xPuETI4ns=,P1h/k/qh52VvJ+q3Dwnpdn06yyk=
6,18,SiUZb+ePxCZS2u60X9xPuETI4ns=,Y2dHN9TVbM8m72OOA//scjSrHiE=
5,18,SiUZb+ePxCZS2u60X9xPuETI4ns=,GzPBhCsvQy7bKVbhXn6iifPad7M=
5,17,Hh8VzkDa6Jt4N8Vei+HtV7RXsVs=,/PDTPC+eVwTJBH2m69uLeUdNe/o=
3,17,Hh8VzkDa6Jt4N8Vei+HtV7RXsVs=,SJgyXC7bqdRXjf8nNCBb4jKDrWo=
7,17,Hh8VzkDa6Jt4N8Vei+HtV7RXsVs=,P1h/k/qh52VvJ+q3Dwnpdn06yyk=
8,17,Hh8VzkDa6Jt4N8Vei+HtV7RXsVs=,y8/nclGYVcurylTBNalGsl+eIwE=
12,17,Hh8VzkDa6Jt4N8Vei+HtV7RXsVs=,Lnvr7ATJkR/ltNXHYCr71v1Tj3M=
8,18,Hh8VzkDa6Jt4N8Vei+HtV7RXsVs=,0DDQ/2fiu0VkH0q9zARtxxB/M5E=
7,18,Hh8VzkDa6Jt4N8Vei+HtV7RXsVs=,Y2dHN9TVbM8m72OOA//scjSrHiE=
9,18,Hh8VzkDa6Jt4N8Vei+HtV7RXsVs=,0DDQ/2fiu0VkH0q9zARtxxB/M5E=
10,17,Hh8VzkDa6Jt4N8Vei+HtV7RXsVs=,IZIzSVjk/Edvf1Q6TWVvqD8/n8o=
6,16,Hh8VzkDa6Jt4N8Vei+HtV7RXsVs=,P1h/k/qh52VvJ+q3Dwnpdn06yyk=
8,16,Hh8VzkDa6Jt4N8Vei+HtV7RXsVs=,y8/nclGYVcurylTBNalGsl+eIwE=
12,18,Hh8VzkDa6Jt4N8Vei+HtV7RXsVs=,5rhZVL0ov0EXXIoWo1fp2SQtth8=
11,18,RCZCWdmURe4ewlmxF6A8a894G+k=,KDKPhXczBTMllzshCE1SY7ml3iA=
10,16,RCZCWdmURe4ewlmxF6A8a894G+k=,IZIzSVjk/Edvf1Q6TWVvqD8/n8o=
10,18,RCZCWdmURe4ewlmxF6A8a894G+k=,KDKPhXczBTMllzshCE1SY7ml3iA=
9,17,RCZCWdmURe4ewlmxF6A8a894G+k=,y8/nclGYVcurylTBNalGsl+eIwE=
11,16,RCZCWdmURe4ewlmxF6A8a894G+k=,IZIzSVjk/Edvf1Q6TWVvqD8/n8o=
5,16,RCZCWdmURe4ewlmxF6A8a894G+k=,/PDTPC+eVwTJBH2m69uLeUdNe/o=
7,16,RCZCWdmURe4ewlmxF6A8a894G+k=,P1h/k/qh52VvJ+q3Dwnpdn06yyk=
12,16,RCZCWdmURe4ewlmxF6A8a894G+k=,Lnvr7ATJkR/ltNXHYCr71v1Tj3M=
11,17,RCZCWdmURe4ewlmxF6A8a894G+k=,IZIzSVjk/Edvf1Q6TWVvqD8/n8o=
9,16,RCZCWdmURe4ewlmxF6A8a894G+k=,y8/nclGYVcurylTBNalGsl+eIwE=
14,18,RCZCWdmURe4ewlmxF6A8a894G+k=,7xiZZO4ryptRafSDvSDZdAI8UDo=
13,18,RCZCWdmURe4ewlmxF6A8a894G+k=,5rhZVL0ov0EXXIoWo1fp2SQtth8=
13,17,RCZCWdmURe4ewlmxF6A8a894G+k=,Lnvr7ATJkR/ltNXHYCr71v1Tj3M=
14,20,RCZCWdmURe4ewlmxF6A8a894G+k=,cZuYk14FMqLqD29hMZgZ7rOskhU=
14,17,RCZCWdmURe4ewlmxF6A8a894G+k=,tqaVkcbgohEeTZLLUClDzuW7c3U=
13,19,RCZCWdmURe4ewlmxF6A8a894G+k=,5rhZVL0ov0EXXIoWo1fp2SQtth8=
13,20,RCZCWdmURe4ewlmxF6A8a894G+k=,0UuHXDHiQlgZbYzNUnZySJGA0jc=
15,18,RCZCWdmURe4ewlmxF6A8a894G+k=,7xiZZO4ryptRafSDvSDZdAI8UDo=
14,19,RCZCWdmURe4ewlmxF6A8a894G+k=,7xiZZO4ryptRafSDvSDZdAI8UDo=
15,17,RCZCWdmURe4ewlmxF6A8a894G+k=,tqaVkcbgohEeTZLLUClDzuW7c3U=
15,20,RCZCWdmURe4ewlmxF6A8a894G+k=,cZuYk14FMqLqD29hMZgZ7rOskhU=
11,21,RCZCWdmURe4ewlmxF6A8a894G+k=,FPDbTVfbR3FDItKkPi9shZui3yk=
15,16,RCZCWdmURe4ewlmxF6A8a894G+k=,tqaVkcbgohEeTZLLUClDzuW7c3U=
14,21,RCZCWdmURe4ewlmxF6A8a894G+k=,cZuYk14FMqLqD29hMZgZ7rOskhU=
15,19,RCZCWdmURe4ewlmxF6A8a894G+k=,7xiZZO4ryptRafSDvSDZdAI8UDo=
14,16,RCZCWdmURe4ewlmxF6A8a894G+k=,tqaVkcbgohEeTZLLUClDzuW7c3U=
13,16,RCZCWdmURe4ewlmxF6A8a894G+k=,Lnvr7ATJkR/ltNXHYCr71v1Tj3M=
13,21,RCZCWdmURe4ewlmxF6A8a894G+k=,0UuHXDHiQlgZbYzNUnZySJGA0jc=
11,22,RCZCWdmURe4ewlmxF6A8a894G+k=,ozwWwuWQtmAgWb7tcpWcCOCioW8=
15,21,RCZCWdmURe4ewlmxF6A8a894G+k=,cZuYk14FMqLqD29hMZgZ7rOskhU=
12,21,RCZCWdmURe4ewlmxF6A8a894G+k=,0UuHXDHiQlgZbYzNUnZySJGA0jc=
1,16,RCZCWdmURe4ewlmxF6A8a894G+k=,PS9O8FadeqqivLB6d/tNsanNG1U=
4,16,RCZCWdmURe4ewlmxF6A8a894G+k=,/PDTPC+eVwTJBH2m69uLeUdNe/o=
2,16,RCZCWdmURe4ewlmxF6A8a894G+k=,SJgyXC7bqdRXjf8nNCBb4jKDrWo=
0,16,RCZCWdmURe4ewlmxF6A8a894G+k=,PS9O8FadeqqivLB6d/tNsanNG1U=
3,16,RCZCWdmURe4ewlmxF6A8a894G+k=,SJgyXC7bqdRXjf8nNCBb4jKDrWo=
0,18,RCZCWdmURe4ewlmxF6A8a894G+k=,wkrHySfS3oEkJgPRnyYf4WwyHWY=
11,23,RCZCWdmURe4ewlmxF6A8a894G+k=,ozwWwuWQtmAgWb7tcpWcCOCioW8=
3,23,RCZCWdmURe4ewlmxF6A8a894G+k=,IC6TO8vqx0jGtAu4QV6PVbfuZAk=
10,23,RCZCWdmURe4ewlmxF6A8a894G+k=,ozwWwuWQtmAgWb7tcpWcCOCioW8=
5,23,RCZCWdmURe4ewlmxF6A8a894G+k=,JIK88+TxAimSLbHr1hgFeDTI8VA=
4,23,RCZCWdmURe4ewlmxF6A8a894G+k=,JIK88+TxAimSLbHr1hgFeDTI8VA=
9,23,RCZCWdmURe4ewlmxF6A8a894G+k=,dPo11Vn+cu+wS0Vek6plr41Tklk=
8,23,RCZCWdmURe4ewlmxF6A8a894G+k=,dPo11Vn+cu+wS0Vek6plr41Tklk=
0,17,RCZCWdmURe4ewlmxF6A8a894G+k=,PS9O8FadeqqivLB6d/tNsanNG1U=
0,19,RCZCWdmURe4ewlmxF6A8a894G+k=,wkrHySfS3oEkJgPRnyYf4WwyHWY=
7,23,RCZCWdmURe4ewlmxF6A8a894G+k=,JIK88+TxAimSLbHr1hgFeDTI8VA=
0,20,RCZCWdmURe4ewlmxF6A8a894G+k=,EpDRqSzPpcMTpuhRYcBh684u5pc=
6,23,RCZCWdmURe4ewlmxF6A8a894G+k=,JIK88+TxAimSLbHr1hgFeDTI8VA=
2,23,RCZCWdmURe4ewlmxF6A8a894G+k=,IC6TO8vqx0jGtAu4QV6PVbfuZAk=
12,22,RCZCWdmURe4ewlmxF6A8a894G+k=,i3nISigiP+CKmaNLlm6tKtrHgZU=
2,22,RCZCWdmURe4ewlmxF6A8a894G+k=,IC6TO8vqx0jGtAu4QV6PVbfuZAk=
1,21,RCZCWdmURe4ewlmxF6A8a894G+k=,EpDRqSzPpcMTpuhRYcBh684u5pc=
0,21,RCZCWdmURe4ewlmxF6A8a894G+k=,EpDRqSzPpcMTpuhRYcBh684u5pc=
2,21,RCZCWdmURe4ewlmxF6A8a894G+k=,QfCOn9NRDTMqkco/M6dlZaAvGUk=
13,22,RCZCWdmURe4ewlmxF6A8a894G+k=,i3nISigiP+CKmaNLlm6tKtrHgZU=
14,22,RCZCWdmURe4ewlmxF6A8a894G+k=,0eredWQVmnCQcqUeIFo/kgLyT98=
15,23,RCZCWdmURe4ewlmxF6A8a894G+k=,0eredWQVmnCQcqUeIFo/kgLyT98=
12,23,RCZCWdmURe4ewlmxF6A8a894G+k=,i3nISigiP+CKmaNLlm6tKtrHgZU=
15,22,RCZCWdmURe4ewlmxF6A8a894G+k=,0eredWQVmnCQcqUeIFo/kgLyT98=
14,23,RCZCWdmURe4ewlmxF6A8a894G+k=,0eredWQVmnCQcqUeIFo/kgLyT98=
13,23,RCZCWdmURe4ewlmxF6A8a894G+k=,i3nISigiP+CKmaNLlm6tKtrHgZU=
1,23,RCZCWdmURe4ewlmxF6A8a894G+k=,ah7SBOATTVVBlXb7N1muaWp22fM=
1,22,RCZCWdmURe4ewlmxF6A8a894G+k=,ah7SBOATTVVBlXb7N1muaWp22fM=
0,22,RCZCWdmURe4ewlmxF6A8a894G+k=,ah7SBOATTVVBlXb7N1muaWp22fM=
0,23,RCZCWdmURe4ewlmxF6A8a894G+k=,ah7SBOATTVVBlXb7N1muaWp22fM=
21,22,TbADyj7w77HQwO24AW6gW2PCFMg=,12gbjR1ywwuHzEI69Ps2xaPMLTg=
22,21,TbADyj7w77HQwO24AW6gW2PCFMg=,Cgf5d9XBmQzREBcOv2Re1098TzQ=
21,21,TbADyj7w77HQwO24AW6gW2PCFMg=,ePg3Dp/U+ALI5VcVhw0jnKzIQB0=
22,22,TbADyj7w77HQwO24AW6gW2PCFMg=,12gbjR1ywwuHzEI69Ps2xaPMLTg=
19,22,TbADyj7w77HQwO24AW6gW2PCFMg=,si+emt01QDpvYbV7duwO9Ha9G9E=
20,21,TbADyj7w77HQwO24AW6gW2PCFMg=,ePg3Dp/U+ALI5VcVhw0jnKzIQB0=
19,21,TbADyj7w77HQwO24AW6gW2PCFMg=,N+PMtYD9vMnIuMfVj/CFnrWBfB4=
20,22,TbADyj7w77HQwO24AW6gW2PCFMg=,12gbjR1ywwuHzEI69Ps2xaPMLTg=
18,21,TbADyj7w77HQwO24AW6gW2PCFMg=,N+PMtYD9vMnIuMfVj/CFnrWBfB4=
18,22,K3xOzBYrA/y451oA2JdLo+hT7sE=,si+emt01QDpvYbV7duwO9Ha9G9E=
17,22,K3xOzBYrA/y451oA2JdLo+hT7sE=,4Kz3KaGHy4DMpXDlJVLzkiXJ4ac=
20,20,K3xOzBYrA/y451oA2JdLo+hT7sE=,ePg3Dp/U+ALI5VcVhw0jnKzIQB0=
19,20,K3xOzBYrA/y451oA2JdLo+hT7sE=,N+PMtYD9vMnIuMfVj/CFnrWBfB4=
20,19,K3xOzBYrA/y451oA2JdLo+hT7sE=,4fQ6lNzX6NIglC3ZCGuJ8TU3m70=
19,19,K3xOzBYrA/y451oA2JdLo+hT7sE=,rHZXdJow0mmbIgYmGnePmT6qHyk=
21,20,K3xOzBYrA/y451oA2JdLo+hT7sE=,ePg3Dp/U+ALI5VcVhw0jnKzIQB0=
18,19,x1CE9niEseQGCqJZ7zDS1QjwwlQ=,rHZXdJow0mmbIgYmGnePmT6qHyk=
18,20,x1CE9niEseQGCqJZ7zDS1QjwwlQ=,N+PMtYD9vMnIuMfVj/CFnrWBfB4=
17,19,x1CE9niEseQGCqJZ7zDS1QjwwlQ=,qXFyYH8l0NzAI8eniA6QcJM1fh8=
22,20,x1CE9niEseQGCqJZ7zDS1QjwwlQ=,Cgf5d9XBmQzREBcOv2Re1098TzQ=
17,20,x1CE9niEseQGCqJZ7zDS1QjwwlQ=,oK+AYu3igdsyWqh4eZkL2UCmm1I=
17,21,x1CE9niEseQGCqJZ7zDS1QjwwlQ=,oK+AYu3igdsyWqh4eZkL2UCmm1I=
22,19,x1CE9niEseQGCqJZ7zDS1QjwwlQ=,UbKixrgWYAnS+CAZh8oyeqFhJms=
19,18,x1CE9niEseQGCqJZ7zDS1QjwwlQ=,rHZXdJow0mmbIgYmGnePmT6qHyk=
21,19,x1CE9niEseQGCqJZ7zDS1QjwwlQ=,4fQ6lNzX6NIglC3ZCGuJ8TU3m70=
21,18,x1CE9niEseQGCqJZ7zDS1QjwwlQ=,4fQ6lNzX6NIglC3ZCGuJ8TU3m70=
21,17,x1CE9niEseQGCqJZ7zDS1QjwwlQ=,9iO5T4K+6FkmrpIkJaJX4Q2PXII=
20,18,x1CE9niEseQGCqJZ7zDS1QjwwlQ=,4fQ6lNzX6NIglC3ZCGuJ8TU3m70=
22,18,x1CE9niEseQGCqJZ7zDS1QjwwlQ=,UbKixrgWYAnS+CAZh8oyeqFhJms=
20,17,x1CE9niEseQGCqJZ7zDS1QjwwlQ=,9iO5T4K+6FkmrpIkJaJX4Q2PXII=
19,17,x1CE9niEseQGCqJZ7zDS1QjwwlQ=,YqpFhjORdLWNhbNE3uXeodMsoUU=
22,17,x1CE9niEseQGCqJZ7zDS1QjwwlQ=,O5uR4AexERJEevFuIIospm43dds=
18,16,x1CE9niEseQGCqJZ7zDS1QjwwlQ=,YqpFhjORdLWNhbNE3uXeodMsoUU=
20,16,x1CE9niEseQGCqJZ7zDS1QjwwlQ=,9iO5T4K+6FkmrpIkJaJX4Q2PXII=
18,18,x1CE9niEseQGCqJZ7zDS1QjwwlQ=,rHZXdJow0mmbIgYmGnePmT6qHyk=
18,17,x1CE9niEseQGCqJZ7zDS1QjwwlQ=,YqpFhjORdLWNhbNE3uXeodMsoUU=
19,16,x1CE9niEseQGCqJZ7zDS1QjwwlQ=,YqpFhjORdLWNhbNE3uXeodMsoUU=
17,18,x1CE9niEseQGCqJZ7zDS1QjwwlQ=,qXFyYH8l0NzAI8eniA6QcJM1fh8=
17,23,x1CE9niEseQGCqJZ7zDS1QjwwlQ=,4Kz3KaGHy4DMpXDlJVLzkiXJ4ac=
18,23,x1CE9niEseQGCqJZ7zDS1QjwwlQ=,si+emt01QDpvYbV7duwO9Ha9G9E=
20,23,x1CE9niEseQGCqJZ7zDS1QjwwlQ=,12gbjR1ywwuHzEI69Ps2xaPMLTg=
23,22,x1CE9niEseQGCqJZ7zDS1QjwwlQ=,12gbjR1ywwuHzEI69Ps2xaPMLTg=
23,17,x1CE9niEseQGCqJZ7zDS1QjwwlQ=,O5uR4AexERJEevFuIIospm43dds=
19,23,x1CE9niEseQGCqJZ7zDS1QjwwlQ=,si+emt01QDpvYbV7duwO9Ha9G9E=
23,20,x1CE9niEseQGCqJZ7zDS1QjwwlQ=,Cgf5d9XBmQzREBcOv2Re1098TzQ=
16,23,x1CE9niEseQGCqJZ7zDS1QjwwlQ=,4Kz3KaGHy4DMpXDlJVLzkiXJ4ac=
23,18,x1CE9niEseQGCqJZ7zDS1QjwwlQ=,UbKixrgWYAnS+CAZh8oyeqFhJms=
23,23,x1CE9niEseQGCqJZ7zDS1QjwwlQ=,12gbjR1ywwuHzEI69Ps2xaPMLTg=
21,23,x1CE9niEseQGCqJZ7zDS1QjwwlQ=,12gbjR1ywwuHzEI69Ps2xaPMLTg=
23,16,x1CE9niEseQGCqJZ7zDS1QjwwlQ=,O5uR4AexERJEevFuIIospm43dds=
22,16,x1CE9niEseQGCqJZ7zDS1QjwwlQ=,O5uR4AexERJEevFuIIospm43dds=
22,23,x1CE9niEseQGCqJZ7zDS1QjwwlQ=,12gbjR1ywwuHzEI69Ps2xaPMLTg=
16,18,x1CE9niEseQGCqJZ7zDS1QjwwlQ=,qXFyYH8l0NzAI8eniA6QcJM1fh8=
23,21,x1CE9niEseQGCqJZ7zDS1QjwwlQ=,Cgf5d9XBmQzREBcOv2Re1098TzQ=
23,19,x1CE9niEseQGCqJZ7zDS1QjwwlQ=,UbKixrgWYAnS+CAZh8oyeqFhJms=
21,16,x1CE9niEseQGCqJZ7zDS1QjwwlQ=,9iO5T4K+6FkmrpIkJaJX4Q2PXII=
16,19,x1CE9niEseQGCqJZ7zDS1QjwwlQ=,qXFyYH8l0NzAI8eniA6QcJM1fh8=
16,20,x1CE9niEseQGCqJZ7zDS1QjwwlQ=,oK+AYu3igdsyWqh4eZkL2UCmm1I=
16,21,x1CE9niEseQGCqJZ7zDS1QjwwlQ=,oK+AYu3igdsyWqh4eZkL2UCmm1I=
16,22,x1CE9niEseQGCqJZ7zDS1QjwwlQ=,4Kz3KaGHy4DMpXDlJVLzkiXJ4ac=
17,16,x1CE9niEseQGCqJZ7zDS1QjwwlQ=,GCNhEq4clNQsxdgFmYNkUZ00LoY=
17,17,x1CE9niEseQGCqJZ7zDS1QjwwlQ=,GCNhEq4clNQsxdgFmYNkUZ00LoY=
16,16,x1CE9niEseQGCqJZ7zDS1QjwwlQ=,GCNhEq4clNQsxdgFmYNkUZ00LoY=
16,17,x1CE9niEseQGCqJZ7zDS1QjwwlQ=,GCNhEq4clNQsxdgFmYNkUZ00LoY=
17,12,kQ/q3j6WXdckFD9V+8js3jSP24Q=,oQFuzi8Dh/o4Get76eW/JceO6Wk=
17,11,kQ/q3j6WXdckFD9V+8js3jSP24Q=,bSA+W/KZ6r4xnkZmUoHJZ6B0PEo=
18,11,kQ/q3j6WXdckFD9V+8js3jSP24Q=,lMl1gC4XpzV5b9jFt7cRmUZye+w=
18,12,kQ/q3j6WXdckFD9V+8js3jSP24Q=,AHsnJfKjzYuyv5P7n+dDZFpW7hk=
17,9,kQ/q3j6WXdckFD9V+8js3jSP24Q=,fHwFEwh8Ll8v9I0wVDkh3TT34ns=
18,9,kQ/q3j6WXdckFD9V+8js3jSP24Q=,LiOiTONrMek5hHaY8AQ8uCsypMo=
18,10,kQ/q3j6WXdckFD9V+8js3jSP24Q=,lMl1gC4XpzV5b9jFt7cRmUZye+w=
17,10,kQ/q3j6WXdckFD9V+8js3jSP24Q=,bSA+W/KZ6r4xnkZmUoHJZ6B0PEo=
17,7,kQ/q3j6WXdckFD9V+8js3jSP24Q=,W6pVDhCwjV6FLoarHDSuutGuM4w=
17,8,kQ/q3j6WXdckFD9V+8js3jSP24Q=,fHwFEwh8Ll8v9I0wVDkh3TT34ns=
18,7,kQ/q3j6WXdckFD9V+8js3jSP24Q=,XqY8ZHfFWH4O+OuhFTxdnTEsCnA=
18,8,kQ/q3j6WXdckFD9V+8js3jSP24Q=,LiOiTONrMek5hHaY8AQ8uCsypMo=
17,5,13gW2kgQslqskULJqZW/AgkZO1A=,B/+xSjBK/YCzJfNQQ2VMX9YS8w4=
18,5,13gW2kgQslqskULJqZW/AgkZO1A=,44aO4zzaB+UEUJido1etkPCAPa8=
17,6,13gW2kgQslqskULJqZW/AgkZO1A=,W6pVDhCwjV6FLoarHDSuutGuM4w=
18,6,13gW2kgQslqskULJqZW/AgkZO1A=,XqY8ZHfFWH4O+OuhFTxdnTEsCnA=
20,5,13gW2kgQslqskULJqZW/AgkZO1A=,adAl19Ca8LdIFloWFwQ8MRQ8PlA=
20,6,13gW2kgQslqskULJqZW/AgkZO1A=,N28sQ2a2YUcFOiCoEo6Ye8DDtbU=
19,5,13gW2kgQslqskULJqZW/AgkZO1A=,44aO4zzaB+UEUJido1etkPCAPa8=
19,6,13gW2kgQslqskULJqZW/AgkZO1A=,XqY8ZHfFWH4O+OuhFTxdnTEsCnA=
20,4,13gW2kgQslqskULJqZW/AgkZO1A=,adAl19Ca8LdIFloWFwQ8MRQ8PlA=
19,4,13gW2kgQslqskULJqZW/AgkZO1A=,44aO4zzaB+UEUJido1etkPCAPa8=
19,3,13gW2kgQslqskULJqZW/AgkZO1A=,hVqMQ4wvfo9pmVK287R4obqDDZw=
20,3,13gW2kgQslqskULJqZW/AgkZO1A=,TjmO9qiPWmlX0bePU14A8goEwFI=
22,4,13gW2kgQslqskULJqZW/AgkZO1A=,XPMdBLCuKnrkHXgKkg6ga0T70+A=
21,3,13gW2kgQslqskULJqZW/AgkZO1A=,TjmO9qiPWmlX0bePU14A8goEwFI=
22,3,13gW2kgQslqskULJqZW/AgkZO1A=,33FyUlS0719ggFEMuG5w4cnIMZE=
21,4,13gW2kgQslqskULJqZW/AgkZO1A=,adAl19Ca8LdIFloWFwQ8MRQ8PlA=
19,2,13gW2kgQslqskULJqZW/AgkZO1A=,hVqMQ4wvfo9pmVK287R4obqDDZw=
19,1,zGKzs6zWAvPUcLNy5aO/m2G53bk=,Yr4/XcNkKgAUWpTBQ/JduqVkvec=
22,1,zGKzs6zWAvPUcLNy5aO/m2G53bk=,OXttel5YktV4VD9hzch24/MgAQo=
20,2,zGKzs6zWAvPUcLNy5aO/m2G53bk=,TjmO9qiPWmlX0bePU14A8goEwFI=
21,2,zGKzs6zWAvPUcLNy5aO/m2G53bk=,TjmO9qiPWmlX0bePU14A8goEwFI=
21,1,zGKzs6zWAvPUcLNy5aO/m2G53bk=,LinOomUNnXN96MHY91V7Zjk3jR4=
17,1,zGKzs6zWAvPUcLNy5aO/m2G53bk=,r2kWan2KWjbWcltfcEudVre4MGU=
20,1,zGKzs6zWAvPUcLNy5aO/m2G53bk=,LinOomUNnXN96MHY91V7Zjk3jR4=
18,1,zGKzs6zWAvPUcLNy5aO/m2G53bk=,Yr4/XcNkKgAUWpTBQ/JduqVkvec=
19,0,zGKzs6zWAvPUcLNy5aO/m2G53bk=,Yr4/XcNkKgAUWpTBQ/JduqVkvec=
18,2,zGKzs6zWAvPUcLNy5aO/m2G53bk=,hVqMQ4wvfo9pmVK287R4obqDDZw=
17,2,zGKzs6zWAvPUcLNy5aO/m2G53bk=,nCuqDUO0BnmKrwtkVmJtQDFDUl4=
18,0,zGKzs6zWAvPUcLNy5aO/m2G53bk=,Yr4/XcNkKgAUWpTBQ/JduqVkvec=
18,3,zGKzs6zWAvPUcLNy5aO/m2G53bk=,hVqMQ4wvfo9pmVK287R4obqDDZw=
22,2,zGKzs6zWAvPUcLNy5aO/m2G53bk=,33FyUlS0719ggFEMuG5w4cnIMZE=
17,0,zGKzs6zWAvPUcLNy5aO/m2G53bk=,r2kWan2KWjbWcltfcEudVre4MGU=
18,4,zGKzs6zWAvPUcLNy5aO/m2G53bk=,44aO4zzaB+UEUJido1etkPCAPa8=
20,0,zGKzs6zWAvPUcLNy5aO/m2G53bk=,LinOomUNnXN96MHY91V7Zjk3jR4=
17,4,zGKzs6zWAvPUcLNy5aO/m2G53bk=,B/+xSjBK/YCzJfNQQ2VMX9YS8w4=
16,4,IdRi3UzgBmtxvBGWvgSi/g6Rz3I=,B/+xSjBK/YCzJfNQQ2VMX9YS8w4=
16,3,IdRi3UzgBmtxvBGWvgSi/g6Rz3I=,nCuqDUO0BnmKrwtkVmJtQDFDUl4=
17,3,IdRi3UzgBmtxvBGWvgSi/g6Rz3I=,nCuqDUO0BnmKrwtkVmJtQDFDUl4=
16,2,IdRi3UzgBmtxvBGWvgSi/g6Rz3I=,nCuqDUO0BnmKrwtkVmJtQDFDUl4=
16,5,IdRi3UzgBmtxvBGWvgSi/g6Rz3I=,B/+xSjBK/YCzJfNQQ2VMX9YS8w4=
16,1,IdRi3UzgBmtxvBGWvgSi/g6Rz3I=,r2kWan2KWjbWcltfcEudVre4MGU=
16,10,IdRi3UzgBmtxvBGWvgSi/g6Rz3I=,bSA+W/KZ6r4xnkZmUoHJZ6B0PEo=
16,8,IdRi3UzgBmtxvBGWvgSi/g6Rz3I=,fHwFEwh8Ll8v9I0wVDkh3TT34ns=
16,9,IdRi3UzgBmtxvBGWvgSi/g6Rz3I=,fHwFEwh8Ll8v9I0wVDkh3TT34ns=
16,7,IdRi3UzgBmtxvBGWvgSi/g6Rz3I=,W6pVDhCwjV6FLoarHDSuutGuM4w=
16,6,IdRi3UzgBmtxvBGWvgSi/g6Rz3I=,W6pVDhCwjV6FLoarHDSuutGuM4w=
16,12,IdRi3UzgBmtxvBGWvgSi/g6Rz3I=,oQFuzi8Dh/o4Get76eW/JceO6Wk=
16,11,IdRi3UzgBmtxvBGWvgSi/g6Rz3I=,bSA+W/KZ6r4xnkZmUoHJZ6B0PEo=
17,13,IdRi3UzgBmtxvBGWvgSi/g6Rz3I=,oQFuzi8Dh/o4Get76eW/JceO6Wk=
17,14,IdRi3UzgBmtxvBGWvgSi/g6Rz3I=,7hbxCfEolCrY1xwjxupi+/jk/4Y=
18,14,IdRi3UzgBmtxvBGWvgSi/g6Rz3I=,zbJm1lpsu2wDitLRcFJSPR1sjTY=
18,13,IdRi3UzgBmtxvBGWvgSi/g6Rz3I=,AHsnJfKjzYuyv5P7n+dDZFpW7hk=
20,14,IdRi3UzgBmtxvBGWvgSi/g6Rz3I=,7T/5V6zw+PgJQIJWFsczyiZkbjI=
19,14,IdRi3UzgBmtxvBGWvgSi/g6Rz3I=,zbJm1lpsu2wDitLRcFJSPR1sjTY=
20,13,IdRi3UzgBmtxvBGWvgSi/g6Rz3I=,oJQM9yXAyPC8dUktv+MDuykWj+Y=
19,13,IdRi3UzgBmtxvBGWvgSi/g6Rz3I=,AHsnJfKjzYuyv5P7n+dDZFpW7hk=
19,8,IdRi3UzgBmtxvBGWvgSi/g6Rz3I=,LiOiTONrMek5hHaY8AQ8uCsypMo=
19,12,IdRi3UzgBmtxvBGWvgSi/g6Rz3I=,AHsnJfKjzYuyv5P7n+dDZFpW7hk=
20,12,IdRi3UzgBmtxvBGWvgSi/g6Rz3I=,oJQM9yXAyPC8dUktv+MDuykWj+Y=
19,11,IdRi3UzgBmtxvBGWvgSi/g6Rz3I=,lMl1gC4XpzV5b9jFt7cRmUZye+w=
20,11,GmeEjEGANro5xt//RwlTJEbSKlI=,sc5nJnWFFuT5CcoGxyy5DdLVUcw=
20,10,GmeEjEGANro5xt//RwlTJEbSKlI=,sc5nJnWFFuT5CcoGxyy5DdLVUcw=
21,12,GmeEjEGANro5xt//RwlTJEbSKlI=,oJQM9yXAyPC8dUktv+MDuykWj+Y=
19,7,GmeEjEGANro5xt//RwlTJEbSKlI=,XqY8ZHfFWH4O+OuhFTxdnTEsCnA=
19,9,GmeEjEGANro5xt//RwlTJEbSKlI=,LiOiTONrMek5hHaY8AQ8uCsypMo=
22,10,GmeEjEGANro5xt//RwlTJEbSKlI=,sM9z0ojve+nN40IgqeKFFGlfh44=
20,8,GmeEjEGANro5xt//RwlTJEbSKlI=,8sQeQbRCpAu5waKUt70b9Bd94CY=
20,7,GmeEjEGANro5xt//RwlTJEbSKlI=,N28sQ2a2YUcFOiCoEo6Ye8DDtbU=
22,11,GmeEjEGANro5xt//RwlTJEbSKlI=,sM9z0ojve+nN40IgqeKFFGlfh44=
22,9,GmeEjEGANro5xt//RwlTJEbSKlI=,ZZgnXKhJ63Ol7QT+uUOVWAqvh8s=
21,10,GmeEjEGANro5xt//RwlTJEbSKlI=,sc5nJnWFFuT5CcoGxyy5DdLVUcw=
21,9,GmeEjEGANro5xt//RwlTJEbSKlI=,8sQeQbRCpAu5waKUt70b9Bd94CY=
19,10,GmeEjEGANro5xt//RwlTJEbSKlI=,lMl1gC4XpzV5b9jFt7cRmUZye+w=
21,13,GmeEjEGANro5xt//RwlTJEbSKlI=,oJQM9yXAyPC8dUktv+MDuykWj+Y=
21,14,GmeEjEGANro5xt//RwlTJEbSKlI=,7T/5V6zw+PgJQIJWFsczyiZkbjI=
21,11,GmeEjEGANro5xt//RwlTJEbSKlI=,sc5nJnWFFuT5CcoGxyy5DdLVUcw=
21,15,GmeEjEGANro5xt//RwlTJEbSKlI=,7T/5V6zw+PgJQIJWFsczyiZkbjI=
20,15,GmeEjEGANro5xt//RwlTJEbSKlI=,7T/5V6zw+PgJQIJWFsczyiZkbjI=
19,15,GmeEjEGANro5xt//RwlTJEbSKlI=,zbJm1lpsu2wDitLRcFJSPR1sjTY=
20,9,GmeEjEGANro5xt//RwlTJEbSKlI=,8sQeQbRCpAu5waKUt70b9Bd94CY=
22,8,GmeEjEGANro5xt//RwlTJEbSKlI=,ZZgnXKhJ63Ol7QT+uUOVWAqvh8s=
21,7,GmeEjEGANro5xt//RwlTJEbSKlI=,N28sQ2a2YUcFOiCoEo6Ye8DDtbU=
17,15,GmeEjEGANro5xt//RwlTJEbSKlI=,7hbxCfEolCrY1xwjxupi+/jk/4Y=
21,8,GmeEjEGANro5xt//RwlTJEbSKlI=,8sQeQbRCpAu5waKUt70b9Bd94CY=
23,2,GmeEjEGANro5xt//RwlTJEbSKlI=,33FyUlS0719ggFEMuG5w4cnIMZE=
16,13,GmeEjEGANro5xt//RwlTJEbSKlI=,oQFuzi8Dh/o4Get76eW/JceO6Wk=
21,5,GmeEjEGANro5xt//RwlTJEbSKlI=,adAl19Ca8LdIFloWFwQ8MRQ8PlA=
23,1,GmeEjEGANro5xt//RwlTJEbSKlI=,OXttel5YktV4VD9hzch24/MgAQo=
21,6,GmeEjEGANro5xt//RwlTJEbSKlI=,N28sQ2a2YUcFOiCoEo6Ye8DDtbU=
18,15,GmeEjEGANro5xt//RwlTJEbSKlI=,zbJm1lpsu2wDitLRcFJSPR1sjTY=
16,14,GmeEjEGANro5xt//RwlTJEbSKlI=,7hbxCfEolCrY1xwjxupi+/jk/4Y=
23,8,GmeEjEGANro5xt//RwlTJEbSKlI=,ZZgnXKhJ63Ol7QT+uUOVWAqvh8s=
23,0,GmeEjEGANro5xt//RwlTJEbSKlI=,OXttel5YktV4VD9hzch24/MgAQo=
16,15,GmeEjEGANro5xt//RwlTJEbSKlI=,7hbxCfEolCrY1xwjxupi+/jk/4Y=
23,10,GmeEjEGANro5xt//RwlTJEbSKlI=,sM9z0ojve+nN40IgqeKFFGlfh44=
22,14,GmeEjEGANro5xt//RwlTJEbSKlI=,YzpjO9DX7WiUiXn7y7Q2Dj/DUGc=
22,12,GmeEjEGANro5xt//RwlTJEbSKlI=,QYeUr4QdocRE+ke9EDWIS/bg2ts=
22,15,GmeEjEGANro5xt//RwlTJEbSKlI=,YzpjO9DX7WiUiXn7y7Q2Dj/DUGc=
22,13,GmeEjEGANro5xt//RwlTJEbSKlI=,QYeUr4QdocRE+ke9EDWIS/bg2ts=
23,15,GmeEjEGANro5xt//RwlTJEbSKlI=,YzpjO9DX7WiUiXn7y7Q2Dj/DUGc=
16,0,GmeEjEGANro5xt//RwlTJEbSKlI=,r2kWan2KWjbWcltfcEudVre4MGU=
23,11,GmeEjEGANro5xt//RwlTJEbSKlI=,sM9z0ojve+nN40IgqeKFFGlfh44=
23,9,GmeEjEGANro5xt//RwlTJEbSKlI=,ZZgnXKhJ63Ol7QT+uUOVWAqvh8s=
23,3,GmeEjEGANro5xt//RwlTJEbSKlI=,33FyUlS0719ggFEMuG5w4cnIMZE=
23,4,GmeEjEGANro5xt//RwlTJEbSKlI=,XPMdBLCuKnrkHXgKkg6ga0T70+A=
22,0,GmeEjEGANro5xt//RwlTJEbSKlI=,OXttel5YktV4VD9hzch24/MgAQo=
23,5,GmeEjEGANro5xt//RwlTJEbSKlI=,XPMdBLCuKnrkHXgKkg6ga0T70+A=
21,0,GmeEjEGANro5xt//RwlTJEbSKlI=,LinOomUNnXN96MHY91V7Zjk3jR4=
22,5,GmeEjEGANro5xt//RwlTJEbSKlI=,XPMdBLCuKnrkHXgKkg6ga0T70+A=
23,14,GmeEjEGANro5xt//RwlTJEbSKlI=,YzpjO9DX7WiUiXn7y7Q2Dj/DUGc=
23,13,GmeEjEGANro5xt//RwlTJEbSKlI=,QYeUr4QdocRE+ke9EDWIS/bg2ts=
23,12,GmeEjEGANro5xt//RwlTJEbSKlI=,QYeUr4QdocRE+ke9EDWIS/bg2ts=
22,7,GmeEjEGANro5xt//RwlTJEbSKlI=,CwOZZ6f+ivJSdQBV3hp0W0D4TN8=
23,7,GmeEjEGANro5xt//RwlTJEbSKlI=,CwOZZ6f+ivJSdQBV3hp0W0D4TN8=
23,6,GmeEjEGANro5xt//RwlTJEbSKlI=,CwOZZ6f+ivJSdQBV3hp0W0D4TN8=
22,6,GmeEjEGANro5xt//RwlTJEbSKlI=,CwOZZ6f+ivJSdQBV3hp0W0D4TN8=
