22,-4,jFTv0wlpSm+PLobh/bH3v9MoEEk=,ymO2bcCzRD5r5iFqmlDkuCCvnyY=
21,-4,jFTv0wlpSm+PLobh/bH3v9MoEEk=,GuCnb0jc8ZZJX+uARpFYe5R1aB0=
22,-5,jFTv0wlpSm+PLobh/bH3v9MoEEk=,QcSM0Jm61U4l1qzIoTkdbTqx4fA=
21,-5,jFTv0wlpSm+PLobh/bH3v9MoEEk=,N5VNXprkFzMpV5/oeNvx6sDcht0=
20,-7,vAhg+9Ay80ZfP5WnvdEVw9zA4rE=,gF87gsQRZUxXnki5reYyrAycXHk=
20,-6,vAhg+9Ay80ZfP5WnvdEVw9zA4rE=,N5VNXprkFzMpV5/oeNvx6sDcht0=
19,-7,vAhg+9Ay80ZfP5WnvdEVw9zA4rE=,kcsgxJ+mgDp5MNN33gMsi5XLH7c=
19,-6,vAhg+9Ay80ZfP5WnvdEVw9zA4rE=,U2Lf6oEFBRAIySMf18GZ3bwVgYo=
17,-7,vAhg+9Ay80ZfP5WnvdEVw9zA4rE=,anIrsQGvPku7nhrlSMHOAQ7Jmv8=
18,-7,ADs+TZQCKGEL42eg6RnLwm2fbqg=,kcsgxJ+mgDp5MNN33gMsi5XLH7c=
18,-6,ADs+TZQCKGEL42eg6RnLwm2fbqg=,U2Lf6oEFBRAIySMf18GZ3bwVgYo=
17,-6,ADs+TZQCKGEL42eg6RnLwm2fbqg=,S84l4QQon7DJDMVSgn4RggJVKxE=
18,-8,ADs+TZQCKGEL42eg6RnLwm2fbqg=,kcsgxJ+mgDp5MNN33gMsi5XLH7c=
20,-8,ADs+TZQCKGEL42eg6RnLwm2fbqg=,gF87gsQRZUxXnki5reYyrAycXHk=
18,-9,ADs+TZQCKGEL42eg6RnLwm2fbqg=,dM0+6Jfj3+8wEve+2auUQ2JZQdU=
17,-9,ADs+TZQCKGEL42eg6RnLwm2fbqg=,ZKutxuAF+p6EpXXdarKkStEeOAE=
19,-9,ADs+TZQCKGEL42eg6RnLwm2fbqg=,dM0+6Jfj3+8wEve+2auUQ2JZQdU=
19,-8,ADs+TZQCKGEL42eg6RnLwm2fbqg=,kcsgxJ+mgDp5MNN33gMsi5XLH7c=
20,-9,ADs+TZQCKGEL42eg6RnLwm2fbqg=,OWrZyEteuYxsnRu8xyx2PzjdCcU=
17,-8,ADs+TZQCKGEL42eg6RnLwm2fbqg=,anIrsQGvPku7nhrlSMHOAQ7Jmv8=
20,-11,ADs+TZQCKGEL42eg6RnLwm2fbqg=,P02bAlBarY1Ydp1CrAWSE5Nyc14=
19,-11,ADs+TZQCKGEL42eg6RnLwm2fbqg=,Zx8Iqba2FN6EDsgESGwnmpoXSJY=
19,-10,ADs+TZQCKGEL42eg6RnLwm2fbqg=,dM0+6Jfj3+8wEve+2auUQ2JZQdU=
20,-10,ADs+TZQCKGEL42eg6RnLwm2fbqg=,OWrZyEteuYxsnRu8xyx2PzjdCcU=
18,-10,ADs+TZQCKGEL42eg6RnLwm2fbqg=,dM0+6Jfj3+8wEve+2auUQ2JZQdU=
17,-11,ADs+TZQCKGEL42eg6RnLwm2fbqg=,4ElxsP84a0+LXyiPrJDhXk2tIBI=
17,-10,ADs+TZQCKGEL42eg6RnLwm2fbqg=,ZKutxuAF+p6EpXXdarKkStEeOAE=
18,-11,Wbtp5SpfFgTh4PmUC0gQtBZlltQ=,Zx8Iqba2FN6EDsgESGwnmpoXSJY=
20,-13,Wbtp5SpfFgTh4PmUC0gQtBZlltQ=,aV60+4bsahdCmAfUb0rmr6He3Go=
20,-12,Wbtp5SpfFgTh4PmUC0gQtBZlltQ=,P02bAlBarY1Ydp1CrAWSE5Nyc14=
19,-13,Wbtp5SpfFgTh4PmUC0gQtBZlltQ=,1ulCb8GM4ILIRfYatDUfGJ9jEUQ=
19,-12,Wbtp5SpfFgTh4PmUC0gQtBZlltQ=,Zx8Iqba2FN6EDsgESGwnmpoXSJY=
18,-13,Wbtp5SpfFgTh4PmUC0gQtBZlltQ=,1ulCb8GM4ILIRfYatDUfGJ9jEUQ=
18,-12,Wbtp5SpfFgTh4PmUC0gQtBZlltQ=,Zx8Iqba2FN6EDsgESGwnmpoXSJY=
19,-14,Wbtp5SpfFgTh4PmUC0gQtBZlltQ=,1ulCb8GM4ILIRfYatDUfGJ9jEUQ=
17,-13,Wbtp5SpfFgTh4PmUC0gQtBZlltQ=,gUhkM55SvX8O855p4EDrFnhx5gI=
20,-15,Wbtp5SpfFgTh4PmUC0gQtBZlltQ=,tpABAGSc9U4l7JBeikLg9kapn/M=
19,-15,Wbtp5SpfFgTh4PmUC0gQtBZlltQ=,t1Qo2elylXSVJVyCrztZS5QpGgs=
20,-14,Wbtp5SpfFgTh4PmUC0gQtBZlltQ=,aV60+4bsahdCmAfUb0rmr6He3Go=
17,-12,Wbtp5SpfFgTh4PmUC0gQtBZlltQ=,4ElxsP84a0+LXyiPrJDhXk2tIBI=
22,-13,Wbtp5SpfFgTh4PmUC0gQtBZlltQ=,scKUzU8b8gOR4utW1mmbnVeP9aM=
21,-13,Wbtp5SpfFgTh4PmUC0gQtBZlltQ=,aV60+4bsahdCmAfUb0rmr6He3Go=
18,-14,Wbtp5SpfFgTh4PmUC0gQtBZlltQ=,1ulCb8GM4ILIRfYatDUfGJ9jEUQ=
17,-14,Wbtp5SpfFgTh4PmUC0gQtBZlltQ=,gUhkM55SvX8O855p4EDrFnhx5gI=
18,-15,Wbtp5SpfFgTh4PmUC0gQtBZlltQ=,t1Qo2elylXSVJVyCrztZS5QpGgs=
22,-14,Qmw9XXzZ87NomyfbIkOL0OOWeKY=,scKUzU8b8gOR4utW1mmbnVeP9aM=
21,-12,Qmw9XXzZ87NomyfbIkOL0OOWeKY=,P02bAlBarY1Ydp1CrAWSE5Nyc14=
17,-15,Qmw9XXzZ87NomyfbIkOL0OOWeKY=,Z9a0+s/2BUhLqHNYTjeWu/uoIm8=
21,-14,Qmw9XXzZ87NomyfbIkOL0OOWeKY=,aV60+4bsahdCmAfUb0rmr6He3Go=
22,-15,Qmw9XXzZ87NomyfbIkOL0OOWeKY=,muBkKXph/rZYY/VQMxT8e1HV16c=
22,-12,Qmw9XXzZ87NomyfbIkOL0OOWeKY=,2hCJFgiYyVU9x7+dNbuaiKOTR1o=
21,-15,Qmw9XXzZ87NomyfbIkOL0OOWeKY=,tpABAGSc9U4l7JBeikLg9kapn/M=
22,-16,Qmw9XXzZ87NomyfbIkOL0OOWeKY=,muBkKXph/rZYY/VQMxT8e1HV16c=
22,-7,Qmw9XXzZ87NomyfbIkOL0OOWeKY=,qQWnzXBU1OALP5klkwyg7rDYXQ4=
21,-7,Qmw9XXzZ87NomyfbIkOL0OOWeKY=,gF87gsQRZUxXnki5reYyrAycXHk=
21,-6,Qmw9XXzZ87NomyfbIkOL0OOWeKY=,N5VNXprkFzMpV5/oeNvx6sDcht0=
21,-16,Qmw9XXzZ87NomyfbIkOL0OOWeKY=,tpABAGSc9U4l7JBeikLg9kapn/M=
21,-11,Qmw9XXzZ87NomyfbIkOL0OOWeKY=,P02bAlBarY1Ydp1CrAWSE5Nyc14=
22,-6,Qmw9XXzZ87NomyfbIkOL0OOWeKY=,QcSM0Jm61U4l1qzIoTkdbTqx4fA=
20,-16,Qmw9XXzZ87NomyfbIkOL0OOWeKY=,tpABAGSc9U4l7JBeikLg9kapn/M=
21,-9,Qmw9XXzZ87NomyfbIkOL0OOWeKY=,OWrZyEteuYxsnRu8xyx2PzjdCcU=
19,-16,Qmw9XXzZ87NomyfbIkOL0OOWeKY=,t1Qo2elylXSVJVyCrztZS5QpGgs=
22,-11,Qmw9XXzZ87NomyfbIkOL0OOWeKY=,2hCJFgiYyVU9x7+dNbuaiKOTR1o=
22,-10,Qmw9XXzZ87NomyfbIkOL0OOWeKY=,xqfquNw1bbFM6ypSQOAauUT1eOs=
22,-9,Qmw9XXzZ87NomyfbIkOL0OOWeKY=,xqfquNw1bbFM6ypSQOAauUT1eOs=
22,-8,Qmw9XXzZ87NomyfbIkOL0OOWeKY=,qQWnzXBU1OALP5klkwyg7rDYXQ4=
21,-10,Qmw9XXzZ87NomyfbIkOL0OOWeKY=,OWrZyEteuYxsnRu8xyx2PzjdCcU=
17,-16,Qmw9XXzZ87NomyfbIkOL0OOWeKY=,Z9a0+s/2BUhLqHNYTjeWu/uoIm8=
18,-16,Qmw9XXzZ87NomyfbIkOL0OOWeKY=,t1Qo2elylXSVJVyCrztZS5QpGgs=
21,-8,Qmw9XXzZ87NomyfbIkOL0OOWeKY=,gF87gsQRZUxXnki5reYyrAycXHk=
16,-13,Qmw9XXzZ87NomyfbIkOL0OOWeKY=,gUhkM55SvX8O855p4EDrFnhx5gI=
16,-14,Qmw9XXzZ87NomyfbIkOL0OOWeKY=,gUhkM55SvX8O855p4EDrFnhx5gI=
16,-12,Qmw9XXzZ87NomyfbIkOL0OOWeKY=,4ElxsP84a0+LXyiPrJDhXk2tIBI=
16,-15,Qmw9XXzZ87NomyfbIkOL0OOWeKY=,Z9a0+s/2BUhLqHNYTjeWu/uoIm8=
16,-9,baAiOiAsxAY9mIOubwUcFftHDos=,ZKutxuAF+p6EpXXdarKkStEeOAE=
16,-8,baAiOiAsxAY9mIOubwUcFftHDos=,anIrsQGvPku7nhrlSMHOAQ7Jmv8=
16,-11,baAiOiAsxAY9mIOubwUcFftHDos=,4ElxsP84a0+LXyiPrJDhXk2tIBI=
16,-10,baAiOiAsxAY9mIOubwUcFftHDos=,ZKutxuAF+p6EpXXdarKkStEeOAE=
16,-6,baAiOiAsxAY9mIOubwUcFftHDos=,S84l4QQon7DJDMVSgn4RggJVKxE=
20,-4,baAiOiAsxAY9mIOubwUcFftHDos=,GuCnb0jc8ZZJX+uARpFYe5R1aB0=
16,-7,baAiOiAsxAY9mIOubwUcFftHDos=,anIrsQGvPku7nhrlSMHOAQ7Jmv8=
20,-5,baAiOiAsxAY9mIOubwUcFftHDos=,N5VNXprkFzMpV5/oeNvx6sDcht0=
18,-5,baAiOiAsxAY9mIOubwUcFftHDos=,U2Lf6oEFBRAIySMf18GZ3bwVgYo=
17,-5,baAiOiAsxAY9mIOubwUcFftHDos=,S84l4QQon7DJDMVSgn4RggJVKxE=
19,-5,baAiOiAsxAY9mIOubwUcFftHDos=,U2Lf6oEFBRAIySMf18GZ3bwVgYo=
20,-3,baAiOiAsxAY9mIOubwUcFftHDos=,GuCnb0jc8ZZJX+uARpFYe5R1aB0=
23,-3,baAiOiAsxAY9mIOubwUcFftHDos=,ymO2bcCzRD5r5iFqmlDkuCCvnyY=
22,-3,baAiOiAsxAY9mIOubwUcFftHDos=,ymO2bcCzRD5r5iFqmlDkuCCvnyY=
23,-11,baAiOiAsxAY9mIOubwUcFftHDos=,2hCJFgiYyVU9x7+dNbuaiKOTR1o=
23,-10,baAiOiAsxAY9mIOubwUcFftHDos=,xqfquNw1bbFM6ypSQOAauUT1eOs=
19,-2,baAiOiAsxAY9mIOubwUcFftHDos=,7aMllznq9VWsGfwSCchTcJtylHU=
19,-4,baAiOiAsxAY9mIOubwUcFftHDos=,F1XQ9487haMQ3iw+gDen/5q+9zo=
18,-4,baAiOiAsxAY9mIOubwUcFftHDos=,F1XQ9487haMQ3iw+gDen/5q+9zo=
18,-2,baAiOiAsxAY9mIOubwUcFftHDos=,7aMllznq9VWsGfwSCchTcJtylHU=
23,-4,baAiOiAsxAY9mIOubwUcFftHDos=,ymO2bcCzRD5r5iFqmlDkuCCvnyY=
20,-2,baAiOiAsxAY9mIOubwUcFftHDos=,BsmnPOXlY0yhjkCaC8E9Y6D3W/0=
21,-3,baAiOiAsxAY9mIOubwUcFftHDos=,GuCnb0jc8ZZJX+uARpFYe5R1aB0=
20,-1,baAiOiAsxAY9mIOubwUcFftHDos=,BsmnPOXlY0yhjkCaC8E9Y6D3W/0=
19,-1,baAiOiAsxAY9mIOubwUcFftHDos=,7aMllznq9VWsGfwSCchTcJtylHU=
23,-12,baAiOiAsxAY9mIOubwUcFftHDos=,2hCJFgiYyVU9x7+dNbuaiKOTR1o=
17,-3,baAiOiAsxAY9mIOubwUcFftHDos=,Ohcbwu0+a2E1QomPYKs3H0lam/w=
19,-3,baAiOiAsxAY9mIOubwUcFftHDos=,F1XQ9487haMQ3iw+gDen/5q+9zo=
23,-5,baAiOiAsxAY9mIOubwUcFftHDos=,QcSM0Jm61U4l1qzIoTkdbTqx4fA=
23,-9,baAiOiAsxAY9mIOubwUcFftHDos=,xqfquNw1bbFM6ypSQOAauUT1eOs=
17,-2,baAiOiAsxAY9mIOubwUcFftHDos=,D4yjZMOFruh3p85s4Ow0kyHYM8M=
18,-3,baAiOiAsxAY9mIOubwUcFftHDos=,F1XQ9487haMQ3iw+gDen/5q+9zo=
23,-15,baAiOiAsxAY9mIOubwUcFftHDos=,muBkKXph/rZYY/VQMxT8e1HV16c=
18,-1,baAiOiAsxAY9mIOubwUcFftHDos=,7aMllznq9VWsGfwSCchTcJtylHU=
23,-13,baAiOiAsxAY9mIOubwUcFftHDos=,scKUzU8b8gOR4utW1mmbnVeP9aM=
17,-4,baAiOiAsxAY9mIOubwUcFftHDos=,Ohcbwu0+a2E1QomPYKs3H0lam/w=
21,-1,baAiOiAsxAY9mIOubwUcFftHDos=,BsmnPOXlY0yhjkCaC8E9Y6D3W/0=
23,-8,baAiOiAsxAY9mIOubwUcFftHDos=,qQWnzXBU1OALP5klkwyg7rDYXQ4=
23,-7,baAiOiAsxAY9mIOubwUcFftHDos=,qQWnzXBU1OALP5klkwyg7rDYXQ4=
23,-16,baAiOiAsxAY9mIOubwUcFftHDos=,muBkKXph/rZYY/VQMxT8e1HV16c=
23,-6,baAiOiAsxAY9mIOubwUcFftHDos=,QcSM0Jm61U4l1qzIoTkdbTqx4fA=
23,-14,baAiOiAsxAY9mIOubwUcFftHDos=,scKUzU8b8gOR4utW1mmbnVeP9aM=
16,-5,baAiOiAsxAY9mIOubwUcFftHDos=,S84l4QQon7DJDMVSgn4RggJVKxE=
21,-2,baAiOiAsxAY9mIOubwUcFftHDos=,BsmnPOXlY0yhjkCaC8E9Y6D3W/0=
16,-2,baAiOiAsxAY9mIOubwUcFftHDos=,D4yjZMOFruh3p85s4Ow0kyHYM8M=
16,-1,baAiOiAsxAY9mIOubwUcFftHDos=,D4yjZMOFruh3p85s4Ow0kyHYM8M=
16,-4,baAiOiAsxAY9mIOubwUcFftHDos=,Ohcbwu0+a2E1QomPYKs3H0lam/w=
17,-1,baAiOiAsxAY9mIOubwUcFftHDos=,D4yjZMOFruh3p85s4Ow0kyHYM8M=
16,-3,baAiOiAsxAY9mIOubwUcFftHDos=,Ohcbwu0+a2E1QomPYKs3H0lam/w=
16,-16,baAiOiAsxAY9mIOubwUcFftHDos=,Z9a0+s/2BUhLqHNYTjeWu/uoIm8=
23,-2,baAiOiAsxAY9mIOubwUcFftHDos=,2LoB2V2+n1nsnIvd+i4b2Lsl6EA=
23,-1,baAiOiAsxAY9mIOubwUcFftHDos=,2LoB2V2+n1nsnIvd+i4b2Lsl6EA=
22,-1,baAiOiAsxAY9mIOubwUcFftHDos=,2LoB2V2+n1nsnIvd+i4b2Lsl6EA=
22,-2,baAiOiAsxAY9mIOubwUcFftHDos=,2LoB2V2+n1nsnIvd+i4b2Lsl6EA=
19,-20,9yI4TRzRD9ud0yXN2SQ0Z9qc84U=,Fz3MBE/tmYgw4qo1hFQip0u3FCI=
20,-21,9yI4TRzRD9ud0yXN2SQ0Z9qc84U=,nsrCUAbIengLOx9J5yUjT2zm30w=
19,-21,9yI4TRzRD9ud0yXN2SQ0Z9qc84U=,zw1DErAqf8kjHPdkNmo8EphONRE=
20,-20,9yI4TRzRD9ud0yXN2SQ0Z9qc84U=,iQEK8xe3Ka1vRfUC1TqclcBsPRY=
19,-18,9yI4TRzRD9ud0yXN2SQ0Z9qc84U=,N2jExOj/7A69TmRO0iG4QyxPras=
20,-19,9yI4TRzRD9ud0yXN2SQ0Z9qc84U=,iQEK8xe3Ka1vRfUC1TqclcBsPRY=
19,-19,9yI4TRzRD9ud0yXN2SQ0Z9qc84U=,Fz3MBE/tmYgw4qo1hFQip0u3FCI=
22,-18,9yI4TRzRD9ud0yXN2SQ0Z9qc84U=,dl1M14THvuWS2w30szpilltaFm0=
22,-19,9yI4TRzRD9ud0yXN2SQ0Z9qc84U=,cUe+AvaJv95wujtNr5vGmhCdx1E=
21,-19,9yI4TRzRD9ud0yXN2SQ0Z9qc84U=,iQEK8xe3Ka1vRfUC1TqclcBsPRY=
20,-18,9yI4TRzRD9ud0yXN2SQ0Z9qc84U=,27EwZbEHe0eLHUUQknYzlRmoTfA=
21,-18,9yI4TRzRD9ud0yXN2SQ0Z9qc84U=,27EwZbEHe0eLHUUQknYzlRmoTfA=
17,-18,9yI4TRzRD9ud0yXN2SQ0Z9qc84U=,uOk/ZZJhRgHD7qz7Gw5QWWatL7Q=
18,-18,9yI4TRzRD9ud0yXN2SQ0Z9qc84U=,N2jExOj/7A69TmRO0iG4QyxPras=
17,-19,NsD3VlO19lxF9yShZSWxizcSamk=,DNam5YzPCgx/DDvVMiAAwVI9byc=
18,-19,NsD3VlO19lxF9yShZSWxizcSamk=,Fz3MBE/tmYgw4qo1hFQip0u3FCI=
17,-20,NsD3VlO19lxF9yShZSWxizcSamk=,DNam5YzPCgx/DDvVMiAAwVI9byc=
17,-21,NsD3VlO19lxF9yShZSWxizcSamk=,snZ0oWrDpRwZxjqM/qlnRJXThw0=
18,-21,NsD3VlO19lxF9yShZSWxizcSamk=,zw1DErAqf8kjHPdkNmo8EphONRE=
18,-20,NsD3VlO19lxF9yShZSWxizcSamk=,Fz3MBE/tmYgw4qo1hFQip0u3FCI=
17,-22,NsD3VlO19lxF9yShZSWxizcSamk=,snZ0oWrDpRwZxjqM/qlnRJXThw0=
17,-23,NsD3VlO19lxF9yShZSWxizcSamk=,KnGLWPqjoUhlvYp4besBWIEdj+Q=
18,-23,NsD3VlO19lxF9yShZSWxizcSamk=,owq5vJ4a+PU9XkLjzRXC/hW4GZ0=
18,-22,NsD3VlO19lxF9yShZSWxizcSamk=,zw1DErAqf8kjHPdkNmo8EphONRE=
20,-23,NsD3VlO19lxF9yShZSWxizcSamk=,ZPtkLj+ZcBUq4nqqFHpF/PsEyL8=
20,-22,NsD3VlO19lxF9yShZSWxizcSamk=,nsrCUAbIengLOx9J5yUjT2zm30w=
21,-22,wqV/5AzX9YogZWGOxI5TWo01Eyo=,nsrCUAbIengLOx9J5yUjT2zm30w=
19,-23,wqV/5AzX9YogZWGOxI5TWo01Eyo=,owq5vJ4a+PU9XkLjzRXC/hW4GZ0=
16,-21,wqV/5AzX9YogZWGOxI5TWo01Eyo=,snZ0oWrDpRwZxjqM/qlnRJXThw0=
19,-22,wqV/5AzX9YogZWGOxI5TWo01Eyo=,zw1DErAqf8kjHPdkNmo8EphONRE=
21,-23,wqV/5AzX9YogZWGOxI5TWo01Eyo=,ZPtkLj+ZcBUq4nqqFHpF/PsEyL8=
21,-20,wqV/5AzX9YogZWGOxI5TWo01Eyo=,iQEK8xe3Ka1vRfUC1TqclcBsPRY=
16,-20,wqV/5AzX9YogZWGOxI5TWo01Eyo=,DNam5YzPCgx/DDvVMiAAwVI9byc=
16,-22,wqV/5AzX9YogZWGOxI5TWo01Eyo=,snZ0oWrDpRwZxjqM/qlnRJXThw0=
16,-23,wqV/5AzX9YogZWGOxI5TWo01Eyo=,KnGLWPqjoUhlvYp4besBWIEdj+Q=
22,-20,wqV/5AzX9YogZWGOxI5TWo01Eyo=,cUe+AvaJv95wujtNr5vGmhCdx1E=
16,-19,wqV/5AzX9YogZWGOxI5TWo01Eyo=,DNam5YzPCgx/DDvVMiAAwVI9byc=
18,-24,wqV/5AzX9YogZWGOxI5TWo01Eyo=,owq5vJ4a+PU9XkLjzRXC/hW4GZ0=
16,-18,wqV/5AzX9YogZWGOxI5TWo01Eyo=,uOk/ZZJhRgHD7qz7Gw5QWWatL7Q=
17,-24,wqV/5AzX9YogZWGOxI5TWo01Eyo=,KnGLWPqjoUhlvYp4besBWIEdj+Q=
23,-17,wqV/5AzX9YogZWGOxI5TWo01Eyo=,dl1M14THvuWS2w30szpilltaFm0=
19,-24,wqV/5AzX9YogZWGOxI5TWo01Eyo=,owq5vJ4a+PU9XkLjzRXC/hW4GZ0=
21,-24,wqV/5AzX9YogZWGOxI5TWo01Eyo=,ZPtkLj+ZcBUq4nqqFHpF/PsEyL8=
16,-24,wqV/5AzX9YogZWGOxI5TWo01Eyo=,KnGLWPqjoUhlvYp4besBWIEdj+Q=
18,-17,wqV/5AzX9YogZWGOxI5TWo01Eyo=,N2jExOj/7A69TmRO0iG4QyxPras=
20,-24,wqV/5AzX9YogZWGOxI5TWo01Eyo=,ZPtkLj+ZcBUq4nqqFHpF/PsEyL8=
19,-17,wqV/5AzX9YogZWGOxI5TWo01Eyo=,N2jExOj/7A69TmRO0iG4QyxPras=
23,-20,wqV/5AzX9YogZWGOxI5TWo01Eyo=,cUe+AvaJv95wujtNr5vGmhCdx1E=
22,-17,wqV/5AzX9YogZWGOxI5TWo01Eyo=,dl1M14THvuWS2w30szpilltaFm0=
23,-19,wqV/5AzX9YogZWGOxI5TWo01Eyo=,cUe+AvaJv95wujtNr5vGmhCdx1E=
23,-18,wqV/5AzX9YogZWGOxI5TWo01Eyo=,dl1M14THvuWS2w30szpilltaFm0=
21,-21,wqV/5AzX9YogZWGOxI5TWo01Eyo=,nsrCUAbIengLOx9J5yUjT2zm30w=
23,-23,wqV/5AzX9YogZWGOxI5TWo01Eyo=,ZYcGZzBZUNHjAdfPy02xUAWUeC8=
17,-17,wqV/5AzX9YogZWGOxI5TWo01Eyo=,uOk/ZZJhRgHD7qz7Gw5QWWatL7Q=
22,-21,wqV/5AzX9YogZWGOxI5TWo01Eyo=,4lMR5CKeijWV1iKiSaVIZuuV6D4=
23,-24,wqV/5AzX9YogZWGOxI5TWo01Eyo=,ZYcGZzBZUNHjAdfPy02xUAWUeC8=
21,-17,wqV/5AzX9YogZWGOxI5TWo01Eyo=,27EwZbEHe0eLHUUQknYzlRmoTfA=
23,-21,wqV/5AzX9YogZWGOxI5TWo01Eyo=,4lMR5CKeijWV1iKiSaVIZuuV6D4=
20,-17,wqV/5AzX9YogZWGOxI5TWo01Eyo=,27EwZbEHe0eLHUUQknYzlRmoTfA=
16,-17,wqV/5AzX9YogZWGOxI5TWo01Eyo=,uOk/ZZJhRgHD7qz7Gw5QWWatL7Q=
23,-22,wqV/5AzX9YogZWGOxI5TWo01Eyo=,4lMR5CKeijWV1iKiSaVIZuuV6D4=
22,-23,wqV/5AzX9YogZWGOxI5TWo01Eyo=,ZYcGZzBZUNHjAdfPy02xUAWUeC8=
22,-24,wqV/5AzX9YogZWGOxI5TWo01Eyo=,ZYcGZzBZUNHjAdfPy02xUAWUeC8=
22,-22,wqV/5AzX9YogZWGOxI5TWo01Eyo=,4lMR5CKeijWV1iKiSaVIZuuV6D4=
6,-18,6WUDz31OQ5KGM6u7iFWPdUsphsU=,pwuP/fEDuYpAHvj9xWC8ZVetvUM=
5,-18,6WUDz31OQ5KGM6u7iFWPdUsphsU=,p4i4ki2WobiHqdUjjlUDwu0KQgs=
5,-19,6WUDz31OQ5KGM6u7iFWPdUsphsU=,mwheyDNlu8oxXoHzHCILOm0ZW5I=
6,-19,6WUDz31OQ5KGM6u7iFWPdUsphsU=,7XHESN1IXDE89AdRRpHE1l+4/9I=
7,-20,6WUDz31OQ5KGM6u7iFWPdUsphsU=,7XHESN1IXDE89AdRRpHE1l+4/9I=
7,-21,6WUDz31OQ5KGM6u7iFWPdUsphsU=,w81VJ9pj1a4TBzM/vra2XG8PZ/k=
8,-20,6WUDz31OQ5KGM6u7iFWPdUsphsU=,P07jqsNmHARwxm2A12IQu6b8IA0=
8,-21,6WUDz31OQ5KGM6u7iFWPdUsphsU=,ctI6gH1TB5bCDHR8mdyQcOwGHGo=
6,-20,6WUDz31OQ5KGM6u7iFWPdUsphsU=,7XHESN1IXDE89AdRRpHE1l+4/9I=
5,-21,6WUDz31OQ5KGM6u7iFWPdUsphsU=,sP5w8sgyN7Cee0lDIDRJFRacmg4=
6,-21,6WUDz31OQ5KGM6u7iFWPdUsphsU=,w81VJ9pj1a4TBzM/vra2XG8PZ/k=
5,-20,6WUDz31OQ5KGM6u7iFWPdUsphsU=,mwheyDNlu8oxXoHzHCILOm0ZW5I=
7,-23,95YZIigTyekK3Q0OpwZns0C0Y9Q=,sP5w8sgyN7Cee0lDIDRJFRacmg4=
7,-22,95YZIigTyekK3Q0OpwZns0C0Y9Q=,w81VJ9pj1a4TBzM/vra2XG8PZ/k=
8,-23,95YZIigTyekK3Q0OpwZns0C0Y9Q=,c/0HwP8zhh2Z9teETTaxFgbLnwY=
8,-22,95YZIigTyekK3Q0OpwZns0C0Y9Q=,ctI6gH1TB5bCDHR8mdyQcOwGHGo=
5,-22,95YZIigTyekK3Q0OpwZns0C0Y9Q=,sP5w8sgyN7Cee0lDIDRJFRacmg4=
6,-23,95YZIigTyekK3Q0OpwZns0C0Y9Q=,sP5w8sgyN7Cee0lDIDRJFRacmg4=
5,-23,95YZIigTyekK3Q0OpwZns0C0Y9Q=,921b1vhzH8pHpEu5wooNFMezdEI=
6,-22,95YZIigTyekK3Q0OpwZns0C0Y9Q=,w81VJ9pj1a4TBzM/vra2XG8PZ/k=
8,-19,95YZIigTyekK3Q0OpwZns0C0Y9Q=,P07jqsNmHARwxm2A12IQu6b8IA0=
7,-18,95YZIigTyekK3Q0OpwZns0C0Y9Q=,pwuP/fEDuYpAHvj9xWC8ZVetvUM=
7,-19,8mqXVa+TVcfvT7Z+a2cdLvkG0xY=,7XHESN1IXDE89AdRRpHE1l+4/9I=
8,-18,8mqXVa+TVcfvT7Z+a2cdLvkG0xY=,iNmD0A+GxL8QDJkQwfNNH3NPM5E=
10,-23,8mqXVa+TVcfvT7Z+a2cdLvkG0xY=,ctI6gH1TB5bCDHR8mdyQcOwGHGo=
9,-21,8mqXVa+TVcfvT7Z+a2cdLvkG0xY=,ctI6gH1TB5bCDHR8mdyQcOwGHGo=
9,-20,8mqXVa+TVcfvT7Z+a2cdLvkG0xY=,P07jqsNmHARwxm2A12IQu6b8IA0=
9,-23,8mqXVa+TVcfvT7Z+a2cdLvkG0xY=,c/0HwP8zhh2Z9teETTaxFgbLnwY=
10,-21,8mqXVa+TVcfvT7Z+a2cdLvkG0xY=,BY32O5tPFLxM6DDcCk/oBdLhmnE=
9,-22,8mqXVa+TVcfvT7Z+a2cdLvkG0xY=,ctI6gH1TB5bCDHR8mdyQcOwGHGo=
10,-19,8mqXVa+TVcfvT7Z+a2cdLvkG0xY=,yjw/CdJbfa2XdmXhp097d23mKpE=
9,-18,8mqXVa+TVcfvT7Z+a2cdLvkG0xY=,iNmD0A+GxL8QDJkQwfNNH3NPM5E=
10,-20,8mqXVa+TVcfvT7Z+a2cdLvkG0xY=,yjw/CdJbfa2XdmXhp097d23mKpE=
9,-19,8mqXVa+TVcfvT7Z+a2cdLvkG0xY=,P07jqsNmHARwxm2A12IQu6b8IA0=
10,-22,8mqXVa+TVcfvT7Z+a2cdLvkG0xY=,BY32O5tPFLxM6DDcCk/oBdLhmnE=
10,-18,8mqXVa+TVcfvT7Z+a2cdLvkG0xY=,BWpEnVqoHRBfdzlsMHaywlobC6g=
11,-19,8mqXVa+TVcfvT7Z+a2cdLvkG0xY=,yjw/CdJbfa2XdmXhp097d23mKpE=
12,-18,8mqXVa+TVcfvT7Z+a2cdLvkG0xY=,Sutek/a+vplaUZaR7e+LIcNaAYo=
12,-19,rZMXLP+vBjsEOgKNT6b2GP6auf4=,pH7I4gC3flh0mfc4N9vMWcQiLQg=
11,-18,rZMXLP+vBjsEOgKNT6b2GP6auf4=,BWpEnVqoHRBfdzlsMHaywlobC6g=
11,-22,rZMXLP+vBjsEOgKNT6b2GP6auf4=,BY32O5tPFLxM6DDcCk/oBdLhmnE=
12,-21,rZMXLP+vBjsEOgKNT6b2GP6auf4=,yFdcsMzNT0vaa9qyLAC2pnaauAM=
11,-20,rZMXLP+vBjsEOgKNT6b2GP6auf4=,yjw/CdJbfa2XdmXhp097d23mKpE=
12,-20,rZMXLP+vBjsEOgKNT6b2GP6auf4=,pH7I4gC3flh0mfc4N9vMWcQiLQg=
11,-23,rZMXLP+vBjsEOgKNT6b2GP6auf4=,ctI6gH1TB5bCDHR8mdyQcOwGHGo=
12,-22,rZMXLP+vBjsEOgKNT6b2GP6auf4=,yFdcsMzNT0vaa9qyLAC2pnaauAM=
12,-23,rZMXLP+vBjsEOgKNT6b2GP6auf4=,7is8sroSALMG7LRCQ8dmgGDzeCg=
11,-21,OIs4EZKCS2UH6iCz7s7r+QpdIYI=,BY32O5tPFLxM6DDcCk/oBdLhmnE=
13,-19,OIs4EZKCS2UH6iCz7s7r+QpdIYI=,pH7I4gC3flh0mfc4N9vMWcQiLQg=
13,-20,OIs4EZKCS2UH6iCz7s7r+QpdIYI=,pH7I4gC3flh0mfc4N9vMWcQiLQg=
14,-20,OIs4EZKCS2UH6iCz7s7r+QpdIYI=,2eBK1AuDJAnv6O804rk9PlkOa4c=
13,-22,OIs4EZKCS2UH6iCz7s7r+QpdIYI=,yFdcsMzNT0vaa9qyLAC2pnaauAM=
13,-21,OIs4EZKCS2UH6iCz7s7r+QpdIYI=,yFdcsMzNT0vaa9qyLAC2pnaauAM=
13,-18,OIs4EZKCS2UH6iCz7s7r+QpdIYI=,Sutek/a+vplaUZaR7e+LIcNaAYo=
14,-19,OIs4EZKCS2UH6iCz7s7r+QpdIYI=,2eBK1AuDJAnv6O804rk9PlkOa4c=
13,-23,OIs4EZKCS2UH6iCz7s7r+QpdIYI=,7is8sroSALMG7LRCQ8dmgGDzeCg=
14,-18,OIs4EZKCS2UH6iCz7s7r+QpdIYI=,WO8IA9Co0TgKP/US+kd1KiLRN4U=
14,-22,OIs4EZKCS2UH6iCz7s7r+QpdIYI=,EhqCZfeb65VtB7M17Shz5sunqtU=
14,-23,OIs4EZKCS2UH6iCz7s7r+QpdIYI=,yFdcsMzNT0vaa9qyLAC2pnaauAM=
14,-21,OIs4EZKCS2UH6iCz7s7r+QpdIYI=,EhqCZfeb65VtB7M17Shz5sunqtU=
15,-21,OIs4EZKCS2UH6iCz7s7r+QpdIYI=,EhqCZfeb65VtB7M17Shz5sunqtU=
15,-22,OIs4EZKCS2UH6iCz7s7r+QpdIYI=,EhqCZfeb65VtB7M17Shz5sunqtU=
15,-23,OIs4EZKCS2UH6iCz7s7r+QpdIYI=,yFdcsMzNT0vaa9qyLAC2pnaauAM=
15,-20,OIs4EZKCS2UH6iCz7s7r+QpdIYI=,2eBK1AuDJAnv6O804rk9PlkOa4c=
15,-19,OIs4EZKCS2UH6iCz7s7r+QpdIYI=,2eBK1AuDJAnv6O804rk9PlkOa4c=
15,-18,OIs4EZKCS2UH6iCz7s7r+QpdIYI=,WO8IA9Co0TgKP/US+kd1KiLRN4U=
13,-17,OIs4EZKCS2UH6iCz7s7r+QpdIYI=,Sutek/a+vplaUZaR7e+LIcNaAYo=
15,-17,OIs4EZKCS2UH6iCz7s7r+QpdIYI=,WO8IA9Co0TgKP/US+kd1KiLRN4U=
14,-17,OIs4EZKCS2UH6iCz7s7r+QpdIYI=,WO8IA9Co0TgKP/US+kd1KiLRN4U=
11,-17,OIs4EZKCS2UH6iCz7s7r+QpdIYI=,BWpEnVqoHRBfdzlsMHaywlobC6g=
12,-17,OIs4EZKCS2UH6iCz7s7r+QpdIYI=,Sutek/a+vplaUZaR7e+LIcNaAYo=
10,-17,OIs4EZKCS2UH6iCz7s7r+QpdIYI=,BWpEnVqoHRBfdzlsMHaywlobC6g=
8,-17,OIs4EZKCS2UH6iCz7s7r+QpdIYI=,iNmD0A+GxL8QDJkQwfNNH3NPM5E=
9,-17,OIs4EZKCS2UH6iCz7s7r+QpdIYI=,iNmD0A+GxL8QDJkQwfNNH3NPM5E=
7,-17,OIs4EZKCS2UH6iCz7s7r+QpdIYI=,pwuP/fEDuYpAHvj9xWC8ZVetvUM=
5,-17,OIs4EZKCS2UH6iCz7s7r+QpdIYI=,p4i4ki2WobiHqdUjjlUDwu0KQgs=
6,-17,DlvHhZ85CC5qh6VXzrY2+iih0FQ=,pwuP/fEDuYpAHvj9xWC8ZVetvUM=
4,-18,DlvHhZ85CC5qh6VXzrY2+iih0FQ=,p4i4ki2WobiHqdUjjlUDwu0KQgs=
4,-19,DlvHhZ85CC5qh6VXzrY2+iih0FQ=,mwheyDNlu8oxXoHzHCILOm0ZW5I=
4,-20,DlvHhZ85CC5qh6VXzrY2+iih0FQ=,mwheyDNlu8oxXoHzHCILOm0ZW5I=
4,-22,DlvHhZ85CC5qh6VXzrY2+iih0FQ=,sP5w8sgyN7Cee0lDIDRJFRacmg4=
4,-21,DlvHhZ85CC5qh6VXzrY2+iih0FQ=,sP5w8sgyN7Cee0lDIDRJFRacmg4=
2,-19,DlvHhZ85CC5qh6VXzrY2+iih0FQ=,QmiL7Ha9jOEOGYICgt2o80Tb4Us=
3,-19,DlvHhZ85CC5qh6VXzrY2+iih0FQ=,QmiL7Ha9jOEOGYICgt2o80Tb4Us=
1,-18,DlvHhZ85CC5qh6VXzrY2+iih0FQ=,oybrhd7Cet1VdHbKvWiaXHUu9xU=
4,-23,DlvHhZ85CC5qh6VXzrY2+iih0FQ=,921b1vhzH8pHpEu5wooNFMezdEI=
3,-21,DlvHhZ85CC5qh6VXzrY2+iih0FQ=,921b1vhzH8pHpEu5wooNFMezdEI=
2,-22,DlvHhZ85CC5qh6VXzrY2+iih0FQ=,921b1vhzH8pHpEu5wooNFMezdEI=
2,-21,DlvHhZ85CC5qh6VXzrY2+iih0FQ=,921b1vhzH8pHpEu5wooNFMezdEI=
1,-19,DlvHhZ85CC5qh6VXzrY2+iih0FQ=,RaK4pE3h/wBgDpgpTfKefhYrD/s=
2,-18,DlvHhZ85CC5qh6VXzrY2+iih0FQ=,UwkWg3792SP+CnMkTHiv7E9th4w=
1,-20,DlvHhZ85CC5qh6VXzrY2+iih0FQ=,RaK4pE3h/wBgDpgpTfKefhYrD/s=
3,-22,DlvHhZ85CC5qh6VXzrY2+iih0FQ=,921b1vhzH8pHpEu5wooNFMezdEI=
9,-24,DlvHhZ85CC5qh6VXzrY2+iih0FQ=,c/0HwP8zhh2Z9teETTaxFgbLnwY=
3,-20,DlvHhZ85CC5qh6VXzrY2+iih0FQ=,QmiL7Ha9jOEOGYICgt2o80Tb4Us=
1,-21,DlvHhZ85CC5qh6VXzrY2+iih0FQ=,DFNapmWhqoZJQIQ8FCHhXG8uZ2o=
11,-24,DlvHhZ85CC5qh6VXzrY2+iih0FQ=,ctI6gH1TB5bCDHR8mdyQcOwGHGo=
12,-24,DlvHhZ85CC5qh6VXzrY2+iih0FQ=,7is8sroSALMG7LRCQ8dmgGDzeCg=
8,-24,DlvHhZ85CC5qh6VXzrY2+iih0FQ=,c/0HwP8zhh2Z9teETTaxFgbLnwY=
2,-20,DlvHhZ85CC5qh6VXzrY2+iih0FQ=,QmiL7Ha9jOEOGYICgt2o80Tb4Us=
7,-24,DlvHhZ85CC5qh6VXzrY2+iih0FQ=,sP5w8sgyN7Cee0lDIDRJFRacmg4=
0,-23,DlvHhZ85CC5qh6VXzrY2+iih0FQ=,HaACoD/zglybBB1cv1zMgO6weLk=
10,-24,DlvHhZ85CC5qh6VXzrY2+iih0FQ=,ctI6gH1TB5bCDHR8mdyQcOwGHGo=
1,-23,DlvHhZ85CC5qh6VXzrY2+iih0FQ=,HaACoD/zglybBB1cv1zMgO6weLk=
1,-22,DlvHhZ85CC5qh6VXzrY2+iih0FQ=,DFNapmWhqoZJQIQ8FCHhXG8uZ2o=
13,-24,DlvHhZ85CC5qh6VXzrY2+iih0FQ=,7is8sroSALMG7LRCQ8dmgGDzeCg=
0,-19,DlvHhZ85CC5qh6VXzrY2+iih0FQ=,RaK4pE3h/wBgDpgpTfKefhYrD/s=
4,-24,DlvHhZ85CC5qh6VXzrY2+iih0FQ=,921b1vhzH8pHpEu5wooNFMezdEI=
14,-24,DlvHhZ85CC5qh6VXzrY2+iih0FQ=,yFdcsMzNT0vaa9qyLAC2pnaauAM=
6,-24,DlvHhZ85CC5qh6VXzrY2+iih0FQ=,sP5w8sgyN7Cee0lDIDRJFRacmg4=
3,-23,DlvHhZ85CC5qh6VXzrY2+iih0FQ=,O/uxbeB6/3G/znEK5msUJtaiRT4=
15,-24,DlvHhZ85CC5qh6VXzrY2+iih0FQ=,yFdcsMzNT0vaa9qyLAC2pnaauAM=
2,-24,DlvHhZ85CC5qh6VXzrY2+iih0FQ=,O/uxbeB6/3G/znEK5msUJtaiRT4=
1,-24,DlvHhZ85CC5qh6VXzrY2+iih0FQ=,HaACoD/zglybBB1cv1zMgO6weLk=
5,-24,DlvHhZ85CC5qh6VXzrY2+iih0FQ=,921b1vhzH8pHpEu5wooNFMezdEI=
0,-20,DlvHhZ85CC5qh6VXzrY2+iih0FQ=,RaK4pE3h/wBgDpgpTfKefhYrD/s=
0,-21,DlvHhZ85CC5qh6VXzrY2+iih0FQ=,DFNapmWhqoZJQIQ8FCHhXG8uZ2o=
0,-18,DlvHhZ85CC5qh6VXzrY2+iih0FQ=,oybrhd7Cet1VdHbKvWiaXHUu9xU=
1,-17,DlvHhZ85CC5qh6VXzrY2+iih0FQ=,oybrhd7Cet1VdHbKvWiaXHUu9xU=
0,-17,DlvHhZ85CC5qh6VXzrY2+iih0FQ=,oybrhd7Cet1VdHbKvWiaXHUu9xU=
3,-17,DlvHhZ85CC5qh6VXzrY2+iih0FQ=,UwkWg3792SP+CnMkTHiv7E9th4w=
4,-17,DlvHhZ85CC5qh6VXzrY2+iih0FQ=,p4i4ki2WobiHqdUjjlUDwu0KQgs=
2,-17,DlvHhZ85CC5qh6VXzrY2+iih0FQ=,UwkWg3792SP+CnMkTHiv7E9th4w=
0,-22,DlvHhZ85CC5qh6VXzrY2+iih0FQ=,DFNapmWhqoZJQIQ8FCHhXG8uZ2o=
3,-18,DlvHhZ85CC5qh6VXzrY2+iih0FQ=,UwkWg3792SP+CnMkTHiv7E9th4w=
3,-24,DlvHhZ85CC5qh6VXzrY2+iih0FQ=,O/uxbeB6/3G/znEK5msUJtaiRT4=
2,-23,DlvHhZ85CC5qh6VXzrY2+iih0FQ=,O/uxbeB6/3G/znEK5msUJtaiRT4=
0,-24,DlvHhZ85CC5qh6VXzrY2+iih0FQ=,HaACoD/zglybBB1cv1zMgO6weLk=
1,-3,DlvHhZ85CC5qh6VXzrY2+iih0FQ=,3kZTjatRR407OA27nFvxG7U4GnU=
2,-3,DlvHhZ85CC5qh6VXzrY2+iih0FQ=,Y7WyIXsFb5KkNinJCu5RQkyBlXY=
1,-2,DlvHhZ85CC5qh6VXzrY2+iih0FQ=,2tdk6MCbfagTdpVU0ng7Nab2QUw=
2,-2,DlvHhZ85CC5qh6VXzrY2+iih0FQ=,bb6nkUdXflEHBpuuEKZahmjC4P8=
1,-5,CFPNj0i0rJegv4Hd0D3cqV6WEGU=,GxTuh50cqiJ2ObxnxbkADODAx9g=
1,-4,CFPNj0i0rJegv4Hd0D3cqV6WEGU=,3kZTjatRR407OA27nFvxG7U4GnU=
2,-5,CFPNj0i0rJegv4Hd0D3cqV6WEGU=,2eNK63bihyIjpfCdVbpx71MDp3A=
2,-4,CFPNj0i0rJegv4Hd0D3cqV6WEGU=,Y7WyIXsFb5KkNinJCu5RQkyBlXY=
1,-6,CFPNj0i0rJegv4Hd0D3cqV6WEGU=,GxTuh50cqiJ2ObxnxbkADODAx9g=
2,-7,CFPNj0i0rJegv4Hd0D3cqV6WEGU=,GXFxtM7MzTMutUbr105uAjq8WuQ=
1,-7,CFPNj0i0rJegv4Hd0D3cqV6WEGU=,f/FJ2GqiFfZKqO5UrysUitaIkGk=
2,-6,CFPNj0i0rJegv4Hd0D3cqV6WEGU=,2eNK63bihyIjpfCdVbpx71MDp3A=
2,-8,CFPNj0i0rJegv4Hd0D3cqV6WEGU=,GXFxtM7MzTMutUbr105uAjq8WuQ=
1,-8,CFPNj0i0rJegv4Hd0D3cqV6WEGU=,f/FJ2GqiFfZKqO5UrysUitaIkGk=
2,-9,CFPNj0i0rJegv4Hd0D3cqV6WEGU=,tGmZaCwTbwI8jez/dQjW0pqCk2U=
1,-9,CFPNj0i0rJegv4Hd0D3cqV6WEGU=,snh5W8bSqN1ucvUmaKbcKwi80EM=
3,-10,7e0oF9oLrKFuG1CapcRULaVKTv0=,tGmZaCwTbwI8jez/dQjW0pqCk2U=
1,-11,7e0oF9oLrKFuG1CapcRULaVKTv0=,mfg5xKPf0TWHMtnDJryQpwhFGuk=
4,-10,7e0oF9oLrKFuG1CapcRULaVKTv0=,11kTKjvypaK7odjRnJgQuKkxXdY=
1,-10,7e0oF9oLrKFuG1CapcRULaVKTv0=,snh5W8bSqN1ucvUmaKbcKwi80EM=
3,-11,7e0oF9oLrKFuG1CapcRULaVKTv0=,RZYE8F/Zlaedzwi7hs7lhUZ/mzw=
4,-11,7e0oF9oLrKFuG1CapcRULaVKTv0=,qgrOkOlF6bfrwFMiM6nps/FgjHU=
2,-10,7e0oF9oLrKFuG1CapcRULaVKTv0=,tGmZaCwTbwI8jez/dQjW0pqCk2U=
2,-11,7e0oF9oLrKFuG1CapcRULaVKTv0=,RZYE8F/Zlaedzwi7hs7lhUZ/mzw=
3,-12,7e0oF9oLrKFuG1CapcRULaVKTv0=,RZYE8F/Zlaedzwi7hs7lhUZ/mzw=
4,-12,7e0oF9oLrKFuG1CapcRULaVKTv0=,qgrOkOlF6bfrwFMiM6nps/FgjHU=
4,-13,7e0oF9oLrKFuG1CapcRULaVKTv0=,A/dZnvKs/pgw5arnXUZWmpV0rPU=
3,-13,7e0oF9oLrKFuG1CapcRULaVKTv0=,sFW/B7R6vmIlpS0SGDDx7P/AgGI=
1,-13,7e0oF9oLrKFuG1CapcRULaVKTv0=,C9N4B6VoZCfg0/2PelfQkmOo1wY=
2,-12,7e0oF9oLrKFuG1CapcRULaVKTv0=,RZYE8F/Zlaedzwi7hs7lhUZ/mzw=
1,-12,kiKvqs1Vt1Sc1BkksQra6a26nX8=,mfg5xKPf0TWHMtnDJryQpwhFGuk=
2,-13,kiKvqs1Vt1Sc1BkksQra6a26nX8=,sFW/B7R6vmIlpS0SGDDx7P/AgGI=
4,-14,kiKvqs1Vt1Sc1BkksQra6a26nX8=,A/dZnvKs/pgw5arnXUZWmpV0rPU=
4,-15,kiKvqs1Vt1Sc1BkksQra6a26nX8=,HLCC9XALfnyynG6+1ZSLGALVDVU=
3,-14,kiKvqs1Vt1Sc1BkksQra6a26nX8=,sFW/B7R6vmIlpS0SGDDx7P/AgGI=
2,-15,kiKvqs1Vt1Sc1BkksQra6a26nX8=,UlBEGwkfw7NcQr1/QE53X9NZQ9Q=
3,-15,kiKvqs1Vt1Sc1BkksQra6a26nX8=,UlBEGwkfw7NcQr1/QE53X9NZQ9Q=
1,-14,kiKvqs1Vt1Sc1BkksQra6a26nX8=,C9N4B6VoZCfg0/2PelfQkmOo1wY=
1,-15,kiKvqs1Vt1Sc1BkksQra6a26nX8=,kEHt/MRA2vL5YEtc28bH25S/kwY=
2,-14,kiKvqs1Vt1Sc1BkksQra6a26nX8=,sFW/B7R6vmIlpS0SGDDx7P/AgGI=
6,-14,kiKvqs1Vt1Sc1BkksQra6a26nX8=,7oalY2x4Mnm+uj1CLAHlI7u8DDI=
5,-14,kiKvqs1Vt1Sc1BkksQra6a26nX8=,A/dZnvKs/pgw5arnXUZWmpV0rPU=
6,-15,kiKvqs1Vt1Sc1BkksQra6a26nX8=,lS9SvdlNH8AdrYPh+TOTINv82oM=
5,-15,kiKvqs1Vt1Sc1BkksQra6a26nX8=,HLCC9XALfnyynG6+1ZSLGALVDVU=
7,-14,kiKvqs1Vt1Sc1BkksQra6a26nX8=,7oalY2x4Mnm+uj1CLAHlI7u8DDI=
8,-15,kiKvqs1Vt1Sc1BkksQra6a26nX8=,L/IznCSnmF535ExJX38ILIlgw5c=
7,-15,kiKvqs1Vt1Sc1BkksQra6a26nX8=,lS9SvdlNH8AdrYPh+TOTINv82oM=
8,-14,kiKvqs1Vt1Sc1BkksQra6a26nX8=,V58Stx3wI+QdLLv8TA4SqZE5fBI=
10,-15,kiKvqs1Vt1Sc1BkksQra6a26nX8=,9KTh9m5xn/609PwbmoswEvBV2+A=
9,-15,kiKvqs1Vt1Sc1BkksQra6a26nX8=,L/IznCSnmF535ExJX38ILIlgw5c=
9,-14,npQjF55MMtHgrk1xrFDNCoV1LbU=,V58Stx3wI+QdLLv8TA4SqZE5fBI=
11,-15,npQjF55MMtHgrk1xrFDNCoV1LbU=,9KTh9m5xn/609PwbmoswEvBV2+A=
10,-14,npQjF55MMtHgrk1xrFDNCoV1LbU=,tmJselaAvoxda+CLMZZHb0YD7vE=
12,-14,npQjF55MMtHgrk1xrFDNCoV1LbU=,4uZQWN/xS8jrR8qNzQ3Jc/IQ0q8=
12,-15,npQjF55MMtHgrk1xrFDNCoV1LbU=,Wq2+1Ar7QFGiDU5DrtIWCd4IHqo=
11,-14,npQjF55MMtHgrk1xrFDNCoV1LbU=,tmJselaAvoxda+CLMZZHb0YD7vE=
13,-14,npQjF55MMtHgrk1xrFDNCoV1LbU=,4uZQWN/xS8jrR8qNzQ3Jc/IQ0q8=
14,-15,npQjF55MMtHgrk1xrFDNCoV1LbU=,mfodGo3mPOrtdzF66RwrQWTLNgk=
13,-15,npQjF55MMtHgrk1xrFDNCoV1LbU=,Wq2+1Ar7QFGiDU5DrtIWCd4IHqo=
14,-14,npQjF55MMtHgrk1xrFDNCoV1LbU=,cmQfd5RPuys/lFbu6nfzI3h4EM8=
14,-13,npQjF55MMtHgrk1xrFDNCoV1LbU=,cmQfd5RPuys/lFbu6nfzI3h4EM8=
13,-12,npQjF55MMtHgrk1xrFDNCoV1LbU=,UMTQ9fbRSjkKqFS8WqJ9R24RbZQ=
13,-13,npQjF55MMtHgrk1xrFDNCoV1LbU=,4uZQWN/xS8jrR8qNzQ3Jc/IQ0q8=
14,-12,npQjF55MMtHgrk1xrFDNCoV1LbU=,eh/k2GmjJsv76DWXnRQGJJjEJOw=
13,-11,npQjF55MMtHgrk1xrFDNCoV1LbU=,UMTQ9fbRSjkKqFS8WqJ9R24RbZQ=
14,-10,npQjF55MMtHgrk1xrFDNCoV1LbU=,S+fqyl3ek0BXrx/iQjfoR0TX/0Q=
14,-11,npQjF55MMtHgrk1xrFDNCoV1LbU=,eh/k2GmjJsv76DWXnRQGJJjEJOw=
13,-10,npQjF55MMtHgrk1xrFDNCoV1LbU=,oNTG4nkwJZLzYw03NOdKzHOAAZE=
11,-8,2mxlCvwqmCIJOLxRa9mqqGMp8cU=,1rxkaCvImOB0bxgM7CTKzD62IJk=
12,-8,2mxlCvwqmCIJOLxRa9mqqGMp8cU=,Rxfd0DFeVJdZJuQG3FrK2RgUwtA=
11,-9,2mxlCvwqmCIJOLxRa9mqqGMp8cU=,Y3TjqZVsL7JqFTr+WSBxiVGCvB0=
12,-9,2mxlCvwqmCIJOLxRa9mqqGMp8cU=,oNTG4nkwJZLzYw03NOdKzHOAAZE=
13,-8,2mxlCvwqmCIJOLxRa9mqqGMp8cU=,Rxfd0DFeVJdZJuQG3FrK2RgUwtA=
13,-9,2mxlCvwqmCIJOLxRa9mqqGMp8cU=,oNTG4nkwJZLzYw03NOdKzHOAAZE=
14,-8,2mxlCvwqmCIJOLxRa9mqqGMp8cU=,kEz+FSlFB7jVJYIC4XWNtsmhVDM=
14,-9,2mxlCvwqmCIJOLxRa9mqqGMp8cU=,S+fqyl3ek0BXrx/iQjfoR0TX/0Q=
10,-6,2mxlCvwqmCIJOLxRa9mqqGMp8cU=,bVbIe/UBSKqDCynZkhuMEHmPmbg=
9,-7,2mxlCvwqmCIJOLxRa9mqqGMp8cU=,FL+xk6N3/JKJVCPJtwOmJOI5MTg=
10,-7,2mxlCvwqmCIJOLxRa9mqqGMp8cU=,1rxkaCvImOB0bxgM7CTKzD62IJk=
9,-6,2mxlCvwqmCIJOLxRa9mqqGMp8cU=,PsAjcDVUZhwdFfnlbBJYcsaAfAY=
12,-7,2mxlCvwqmCIJOLxRa9mqqGMp8cU=,Rxfd0DFeVJdZJuQG3FrK2RgUwtA=
11,-7,DuRDfnhJNW7a95qPVX1bzEfgq68=,1rxkaCvImOB0bxgM7CTKzD62IJk=
11,-6,DuRDfnhJNW7a95qPVX1bzEfgq68=,bVbIe/UBSKqDCynZkhuMEHmPmbg=
9,-5,DuRDfnhJNW7a95qPVX1bzEfgq68=,PsAjcDVUZhwdFfnlbBJYcsaAfAY=
10,-4,DuRDfnhJNW7a95qPVX1bzEfgq68=,BfoMYGoJHzAX5cjYIsBmlJTJeso=
9,-4,DuRDfnhJNW7a95qPVX1bzEfgq68=,XTFNPQaN35I6JUsRFZSOfuihdJ4=
10,-5,DuRDfnhJNW7a95qPVX1bzEfgq68=,bVbIe/UBSKqDCynZkhuMEHmPmbg=
11,-4,DuRDfnhJNW7a95qPVX1bzEfgq68=,BfoMYGoJHzAX5cjYIsBmlJTJeso=
11,-5,DuRDfnhJNW7a95qPVX1bzEfgq68=,bVbIe/UBSKqDCynZkhuMEHmPmbg=
12,-5,DuRDfnhJNW7a95qPVX1bzEfgq68=,ky2P2stlCdmHrLzmY89DtmOhBH8=
12,-6,DuRDfnhJNW7a95qPVX1bzEfgq68=,ky2P2stlCdmHrLzmY89DtmOhBH8=
12,-4,DuRDfnhJNW7a95qPVX1bzEfgq68=,GhWqzA4xTBWzhnYI+kbbRA5y9Bg=
3,-2,DuRDfnhJNW7a95qPVX1bzEfgq68=,bb6nkUdXflEHBpuuEKZahmjC4P8=
4,-2,AuSBuWooFvrRvW5B2KsS/bawLHo=,HpwEoEUPwuYQQz9IvcQMLTT1CmI=
4,-3,AuSBuWooFvrRvW5B2KsS/bawLHo=,Hrcqgxtw7Lsu+U42m900PacjyHw=
3,-3,AuSBuWooFvrRvW5B2KsS/bawLHo=,Y7WyIXsFb5KkNinJCu5RQkyBlXY=
6,-2,AuSBuWooFvrRvW5B2KsS/bawLHo=,OhgEVkCEzqGSU+KxPjVTvpYNZtA=
5,-3,AuSBuWooFvrRvW5B2KsS/bawLHo=,Hrcqgxtw7Lsu+U42m900PacjyHw=
7,-5,AuSBuWooFvrRvW5B2KsS/bawLHo=,jGzcDAJ2hTYkfJ/i384BY40mUMs=
5,-2,AuSBuWooFvrRvW5B2KsS/bawLHo=,HpwEoEUPwuYQQz9IvcQMLTT1CmI=
8,-4,AuSBuWooFvrRvW5B2KsS/bawLHo=,XTFNPQaN35I6JUsRFZSOfuihdJ4=
8,-5,QNtu4mg11PdAPxPBpLIRVgph75I=,PsAjcDVUZhwdFfnlbBJYcsaAfAY=
6,-3,QNtu4mg11PdAPxPBpLIRVgph75I=,brrmSNLOw7dd4f8mYw8tR1Z1UpA=
7,-4,QNtu4mg11PdAPxPBpLIRVgph75I=,brrmSNLOw7dd4f8mYw8tR1Z1UpA=
3,-5,QNtu4mg11PdAPxPBpLIRVgph75I=,2eNK63bihyIjpfCdVbpx71MDp3A=
3,-4,QNtu4mg11PdAPxPBpLIRVgph75I=,Y7WyIXsFb5KkNinJCu5RQkyBlXY=
6,-4,q8zhqlpKeMqn3GsXUlurEiYNH04=,brrmSNLOw7dd4f8mYw8tR1Z1UpA=
4,-4,q8zhqlpKeMqn3GsXUlurEiYNH04=,Hrcqgxtw7Lsu+U42m900PacjyHw=
6,-5,q8zhqlpKeMqn3GsXUlurEiYNH04=,jGzcDAJ2hTYkfJ/i384BY40mUMs=
5,-4,q8zhqlpKeMqn3GsXUlurEiYNH04=,Hrcqgxtw7Lsu+U42m900PacjyHw=
4,-5,q8zhqlpKeMqn3GsXUlurEiYNH04=,IuPS/QwhE8Xr6ouBGU9uKbtHTO8=
7,-6,q8zhqlpKeMqn3GsXUlurEiYNH04=,jGzcDAJ2hTYkfJ/i384BY40mUMs=
8,-7,q8zhqlpKeMqn3GsXUlurEiYNH04=,FL+xk6N3/JKJVCPJtwOmJOI5MTg=
7,-7,q8zhqlpKeMqn3GsXUlurEiYNH04=,fvjacz2GC46FH9l9O8qQCnm9egA=
8,-6,q8zhqlpKeMqn3GsXUlurEiYNH04=,PsAjcDVUZhwdFfnlbBJYcsaAfAY=
5,-5,q8zhqlpKeMqn3GsXUlurEiYNH04=,IuPS/QwhE8Xr6ouBGU9uKbtHTO8=
3,-9,q8zhqlpKeMqn3GsXUlurEiYNH04=,tGmZaCwTbwI8jez/dQjW0pqCk2U=
3,-7,q8zhqlpKeMqn3GsXUlurEiYNH04=,GXFxtM7MzTMutUbr105uAjq8WuQ=
3,-6,q8zhqlpKeMqn3GsXUlurEiYNH04=,2eNK63bihyIjpfCdVbpx71MDp3A=
3,-8,q8zhqlpKeMqn3GsXUlurEiYNH04=,GXFxtM7MzTMutUbr105uAjq8WuQ=
7,-8,G71bDABCkBs6WA/3KxDPzMGsp9w=,fvjacz2GC46FH9l9O8qQCnm9egA=
8,-8,G71bDABCkBs6WA/3KxDPzMGsp9w=,FL+xk6N3/JKJVCPJtwOmJOI5MTg=
9,-9,G71bDABCkBs6WA/3KxDPzMGsp9w=,ktV9O/jC9Vpbvobzg1wTwscP+o8=
9,-8,G71bDABCkBs6WA/3KxDPzMGsp9w=,FL+xk6N3/JKJVCPJtwOmJOI5MTg=
4,-6,G71bDABCkBs6WA/3KxDPzMGsp9w=,IuPS/QwhE8Xr6ouBGU9uKbtHTO8=
6,-6,G71bDABCkBs6WA/3KxDPzMGsp9w=,jGzcDAJ2hTYkfJ/i384BY40mUMs=
6,-7,G71bDABCkBs6WA/3KxDPzMGsp9w=,fvjacz2GC46FH9l9O8qQCnm9egA=
8,-9,G71bDABCkBs6WA/3KxDPzMGsp9w=,ktV9O/jC9Vpbvobzg1wTwscP+o8=
10,-9,G71bDABCkBs6WA/3KxDPzMGsp9w=,Y3TjqZVsL7JqFTr+WSBxiVGCvB0=
5,-6,G71bDABCkBs6WA/3KxDPzMGsp9w=,IuPS/QwhE8Xr6ouBGU9uKbtHTO8=
5,-9,G71bDABCkBs6WA/3KxDPzMGsp9w=,11kTKjvypaK7odjRnJgQuKkxXdY=
7,-9,G71bDABCkBs6WA/3KxDPzMGsp9w=,1FxPU7NwhNX/26UETZDh7qu9LBI=
10,-8,G71bDABCkBs6WA/3KxDPzMGsp9w=,1rxkaCvImOB0bxgM7CTKzD62IJk=
5,-8,G71bDABCkBs6WA/3KxDPzMGsp9w=,xoRhwhiieOSn1EflVTOFU74QrtE=
4,-8,G71bDABCkBs6WA/3KxDPzMGsp9w=,xoRhwhiieOSn1EflVTOFU74QrtE=
4,-9,G71bDABCkBs6WA/3KxDPzMGsp9w=,11kTKjvypaK7odjRnJgQuKkxXdY=
6,-8,G71bDABCkBs6WA/3KxDPzMGsp9w=,fvjacz2GC46FH9l9O8qQCnm9egA=
6,-9,G71bDABCkBs6WA/3KxDPzMGsp9w=,1FxPU7NwhNX/26UETZDh7qu9LBI=
5,-11,G71bDABCkBs6WA/3KxDPzMGsp9w=,qgrOkOlF6bfrwFMiM6nps/FgjHU=
5,-13,G71bDABCkBs6WA/3KxDPzMGsp9w=,A/dZnvKs/pgw5arnXUZWmpV0rPU=
4,-7,G71bDABCkBs6WA/3KxDPzMGsp9w=,xoRhwhiieOSn1EflVTOFU74QrtE=
6,-10,VXjPVq9ikqZ1AKqonU+y9cHgcXo=,1FxPU7NwhNX/26UETZDh7qu9LBI=
5,-7,VXjPVq9ikqZ1AKqonU+y9cHgcXo=,xoRhwhiieOSn1EflVTOFU74QrtE=
6,-12,VXjPVq9ikqZ1AKqonU+y9cHgcXo=,mgKQywbBniWoJDib6Si5HkEEzfs=
5,-10,VXjPVq9ikqZ1AKqonU+y9cHgcXo=,11kTKjvypaK7odjRnJgQuKkxXdY=
6,-13,VXjPVq9ikqZ1AKqonU+y9cHgcXo=,7oalY2x4Mnm+uj1CLAHlI7u8DDI=
6,-11,VXjPVq9ikqZ1AKqonU+y9cHgcXo=,mgKQywbBniWoJDib6Si5HkEEzfs=
5,-12,VXjPVq9ikqZ1AKqonU+y9cHgcXo=,qgrOkOlF6bfrwFMiM6nps/FgjHU=
7,-11,VXjPVq9ikqZ1AKqonU+y9cHgcXo=,mgKQywbBniWoJDib6Si5HkEEzfs=
8,-11,VXjPVq9ikqZ1AKqonU+y9cHgcXo=,zCy5czxyKWALFeJ/TCSPvPzLgZk=
8,-13,VXjPVq9ikqZ1AKqonU+y9cHgcXo=,V58Stx3wI+QdLLv8TA4SqZE5fBI=
7,-10,VXjPVq9ikqZ1AKqonU+y9cHgcXo=,1FxPU7NwhNX/26UETZDh7qu9LBI=
8,-10,VXjPVq9ikqZ1AKqonU+y9cHgcXo=,ktV9O/jC9Vpbvobzg1wTwscP+o8=
7,-13,VXjPVq9ikqZ1AKqonU+y9cHgcXo=,7oalY2x4Mnm+uj1CLAHlI7u8DDI=
11,-10,VXjPVq9ikqZ1AKqonU+y9cHgcXo=,Y3TjqZVsL7JqFTr+WSBxiVGCvB0=
7,-3,VXjPVq9ikqZ1AKqonU+y9cHgcXo=,brrmSNLOw7dd4f8mYw8tR1Z1UpA=
9,-3,VXjPVq9ikqZ1AKqonU+y9cHgcXo=,XTFNPQaN35I6JUsRFZSOfuihdJ4=
10,-3,VXjPVq9ikqZ1AKqonU+y9cHgcXo=,BfoMYGoJHzAX5cjYIsBmlJTJeso=
8,-3,VXjPVq9ikqZ1AKqonU+y9cHgcXo=,XTFNPQaN35I6JUsRFZSOfuihdJ4=
9,-2,VXjPVq9ikqZ1AKqonU+y9cHgcXo=,r4nLsXoC0r/x6vT2zuUmZTEvJm0=
8,-2,VXjPVq9ikqZ1AKqonU+y9cHgcXo=,r4nLsXoC0r/x6vT2zuUmZTEvJm0=
10,-2,VXjPVq9ikqZ1AKqonU+y9cHgcXo=,T3dqv4CbDX9Ghr+VYHEGirT8AX0=
10,-10,VXjPVq9ikqZ1AKqonU+y9cHgcXo=,Y3TjqZVsL7JqFTr+WSBxiVGCvB0=
7,-2,VXjPVq9ikqZ1AKqonU+y9cHgcXo=,OhgEVkCEzqGSU+KxPjVTvpYNZtA=
12,-13,VXjPVq9ikqZ1AKqonU+y9cHgcXo=,4uZQWN/xS8jrR8qNzQ3Jc/IQ0q8=
8,-12,VXjPVq9ikqZ1AKqonU+y9cHgcXo=,zCy5czxyKWALFeJ/TCSPvPzLgZk=
7,-12,VXjPVq9ikqZ1AKqonU+y9cHgcXo=,mgKQywbBniWoJDib6Si5HkEEzfs=
9,-10,VXjPVq9ikqZ1AKqonU+y9cHgcXo=,ktV9O/jC9Vpbvobzg1wTwscP+o8=
12,-12,VXjPVq9ikqZ1AKqonU+y9cHgcXo=,UMTQ9fbRSjkKqFS8WqJ9R24RbZQ=
12,-11,VXjPVq9ikqZ1AKqonU+y9cHgcXo=,UMTQ9fbRSjkKqFS8WqJ9R24RbZQ=
12,-10,VXjPVq9ikqZ1AKqonU+y9cHgcXo=,oNTG4nkwJZLzYw03NOdKzHOAAZE=
9,-12,VXjPVq9ikqZ1AKqonU+y9cHgcXo=,zCy5czxyKWALFeJ/TCSPvPzLgZk=
12,-3,VXjPVq9ikqZ1AKqonU+y9cHgcXo=,GhWqzA4xTBWzhnYI+kbbRA5y9Bg=
11,-13,VXjPVq9ikqZ1AKqonU+y9cHgcXo=,tmJselaAvoxda+CLMZZHb0YD7vE=
11,-2,VXjPVq9ikqZ1AKqonU+y9cHgcXo=,T3dqv4CbDX9Ghr+VYHEGirT8AX0=
11,-3,VXjPVq9ikqZ1AKqonU+y9cHgcXo=,BfoMYGoJHzAX5cjYIsBmlJTJeso=
10,-13,VXjPVq9ikqZ1AKqonU+y9cHgcXo=,tmJselaAvoxda+CLMZZHb0YD7vE=
9,-13,VXjPVq9ikqZ1AKqonU+y9cHgcXo=,V58Stx3wI+QdLLv8TA4SqZE5fBI=
9,-11,VXjPVq9ikqZ1AKqonU+y9cHgcXo=,zCy5czxyKWALFeJ/TCSPvPzLgZk=
13,-3,VXjPVq9ikqZ1AKqonU+y9cHgcXo=,GhWqzA4xTBWzhnYI+kbbRA5y9Bg=
13,-4,VXjPVq9ikqZ1AKqonU+y9cHgcXo=,GhWqzA4xTBWzhnYI+kbbRA5y9Bg=
13,-5,VXjPVq9ikqZ1AKqonU+y9cHgcXo=,ky2P2stlCdmHrLzmY89DtmOhBH8=
14,-7,VXjPVq9ikqZ1AKqonU+y9cHgcXo=,kEz+FSlFB7jVJYIC4XWNtsmhVDM=
15,-8,VXjPVq9ikqZ1AKqonU+y9cHgcXo=,kEz+FSlFB7jVJYIC4XWNtsmhVDM=
15,-13,VXjPVq9ikqZ1AKqonU+y9cHgcXo=,cmQfd5RPuys/lFbu6nfzI3h4EM8=
10,-12,VXjPVq9ikqZ1AKqonU+y9cHgcXo=,FCIP46kvUvfvDbH/R3JLlxOglS4=
11,-12,VXjPVq9ikqZ1AKqonU+y9cHgcXo=,FCIP46kvUvfvDbH/R3JLlxOglS4=
11,-11,VXjPVq9ikqZ1AKqonU+y9cHgcXo=,FCIP46kvUvfvDbH/R3JLlxOglS4=
12,-2,VXjPVq9ikqZ1AKqonU+y9cHgcXo=,6cEpc6PQ64mOX77uOsJjs4TTfr4=
15,-15,VXjPVq9ikqZ1AKqonU+y9cHgcXo=,mfodGo3mPOrtdzF66RwrQWTLNgk=
15,-12,VXjPVq9ikqZ1AKqonU+y9cHgcXo=,eh/k2GmjJsv76DWXnRQGJJjEJOw=
13,-2,VXjPVq9ikqZ1AKqonU+y9cHgcXo=,6cEpc6PQ64mOX77uOsJjs4TTfr4=
15,-6,VXjPVq9ikqZ1AKqonU+y9cHgcXo=,9ZL47zd2aMGsyTZjvxmuJV/+WRA=
15,-7,VXjPVq9ikqZ1AKqonU+y9cHgcXo=,kEz+FSlFB7jVJYIC4XWNtsmhVDM=
13,-7,VXjPVq9ikqZ1AKqonU+y9cHgcXo=,Rxfd0DFeVJdZJuQG3FrK2RgUwtA=
10,-11,VXjPVq9ikqZ1AKqonU+y9cHgcXo=,FCIP46kvUvfvDbH/R3JLlxOglS4=
14,-2,VXjPVq9ikqZ1AKqonU+y9cHgcXo=,e5GlD5uZ8zjjEhjDoXzk7FBBv8o=
15,-14,VXjPVq9ikqZ1AKqonU+y9cHgcXo=,cmQfd5RPuys/lFbu6nfzI3h4EM8=
15,-5,VXjPVq9ikqZ1AKqonU+y9cHgcXo=,9ZL47zd2aMGsyTZjvxmuJV/+WRA=
13,-6,VXjPVq9ikqZ1AKqonU+y9cHgcXo=,ky2P2stlCdmHrLzmY89DtmOhBH8=
15,-10,VXjPVq9ikqZ1AKqonU+y9cHgcXo=,S+fqyl3ek0BXrx/iQjfoR0TX/0Q=
15,-9,VXjPVq9ikqZ1AKqonU+y9cHgcXo=,S+fqyl3ek0BXrx/iQjfoR0TX/0Q=
15,-11,VXjPVq9ikqZ1AKqonU+y9cHgcXo=,eh/k2GmjJsv76DWXnRQGJJjEJOw=
13,-16,VXjPVq9ikqZ1AKqonU+y9cHgcXo=,Wq2+1Ar7QFGiDU5DrtIWCd4IHqo=
14,-16,VXjPVq9ikqZ1AKqonU+y9cHgcXo=,mfodGo3mPOrtdzF66RwrQWTLNgk=
9,-16,VXjPVq9ikqZ1AKqonU+y9cHgcXo=,L/IznCSnmF535ExJX38ILIlgw5c=
10,-16,VXjPVq9ikqZ1AKqonU+y9cHgcXo=,9KTh9m5xn/609PwbmoswEvBV2+A=
14,-3,VXjPVq9ikqZ1AKqonU+y9cHgcXo=,BxhRy/dbHX76l7yW1GPPvDYkOFg=
14,-5,VXjPVq9ikqZ1AKqonU+y9cHgcXo=,9ZL47zd2aMGsyTZjvxmuJV/+WRA=
11,-16,VXjPVq9ikqZ1AKqonU+y9cHgcXo=,9KTh9m5xn/609PwbmoswEvBV2+A=
12,-16,VXjPVq9ikqZ1AKqonU+y9cHgcXo=,Wq2+1Ar7QFGiDU5DrtIWCd4IHqo=
8,-16,VXjPVq9ikqZ1AKqonU+y9cHgcXo=,L/IznCSnmF535ExJX38ILIlgw5c=
7,-16,VXjPVq9ikqZ1AKqonU+y9cHgcXo=,lS9SvdlNH8AdrYPh+TOTINv82oM=
5,-16,VXjPVq9ikqZ1AKqonU+y9cHgcXo=,HLCC9XALfnyynG6+1ZSLGALVDVU=
2,-16,VXjPVq9ikqZ1AKqonU+y9cHgcXo=,UlBEGwkfw7NcQr1/QE53X9NZQ9Q=
15,-4,VXjPVq9ikqZ1AKqonU+y9cHgcXo=,BxhRy/dbHX76l7yW1GPPvDYkOFg=
6,-16,VXjPVq9ikqZ1AKqonU+y9cHgcXo=,lS9SvdlNH8AdrYPh+TOTINv82oM=
0,-15,VXjPVq9ikqZ1AKqonU+y9cHgcXo=,kEHt/MRA2vL5YEtc28bH25S/kwY=
1,-16,VXjPVq9ikqZ1AKqonU+y9cHgcXo=,kEHt/MRA2vL5YEtc28bH25S/kwY=
0,-13,VXjPVq9ikqZ1AKqonU+y9cHgcXo=,C9N4B6VoZCfg0/2PelfQkmOo1wY=
3,-16,VXjPVq9ikqZ1AKqonU+y9cHgcXo=,UlBEGwkfw7NcQr1/QE53X9NZQ9Q=
0,-11,VXjPVq9ikqZ1AKqonU+y9cHgcXo=,mfg5xKPf0TWHMtnDJryQpwhFGuk=
0,-14,VXjPVq9ikqZ1AKqonU+y9cHgcXo=,C9N4B6VoZCfg0/2PelfQkmOo1wY=
0,-12,VXjPVq9ikqZ1AKqonU+y9cHgcXo=,mfg5xKPf0TWHMtnDJryQpwhFGuk=
14,-6,VXjPVq9ikqZ1AKqonU+y9cHgcXo=,9ZL47zd2aMGsyTZjvxmuJV/+WRA=
4,-16,VXjPVq9ikqZ1AKqonU+y9cHgcXo=,HLCC9XALfnyynG6+1ZSLGALVDVU=
0,-8,VXjPVq9ikqZ1AKqonU+y9cHgcXo=,f/FJ2GqiFfZKqO5UrysUitaIkGk=
0,-7,VXjPVq9ikqZ1AKqonU+y9cHgcXo=,f/FJ2GqiFfZKqO5UrysUitaIkGk=
0,-9,VXjPVq9ikqZ1AKqonU+y9cHgcXo=,snh5W8bSqN1ucvUmaKbcKwi80EM=
0,-10,VXjPVq9ikqZ1AKqonU+y9cHgcXo=,snh5W8bSqN1ucvUmaKbcKwi80EM=
0,-6,VXjPVq9ikqZ1AKqonU+y9cHgcXo=,GxTuh50cqiJ2ObxnxbkADODAx9g=
0,-4,VXjPVq9ikqZ1AKqonU+y9cHgcXo=,3kZTjatRR407OA27nFvxG7U4GnU=
14,-4,VXjPVq9ikqZ1AKqonU+y9cHgcXo=,BxhRy/dbHX76l7yW1GPPvDYkOFg=
0,-5,VXjPVq9ikqZ1AKqonU+y9cHgcXo=,GxTuh50cqiJ2ObxnxbkADODAx9g=
0,-3,VXjPVq9ikqZ1AKqonU+y9cHgcXo=,3kZTjatRR407OA27nFvxG7U4GnU=
13,-1,VXjPVq9ikqZ1AKqonU+y9cHgcXo=,6cEpc6PQ64mOX77uOsJjs4TTfr4=
0,-1,VXjPVq9ikqZ1AKqonU+y9cHgcXo=,2tdk6MCbfagTdpVU0ng7Nab2QUw=
0,-2,VXjPVq9ikqZ1AKqonU+y9cHgcXo=,2tdk6MCbfagTdpVU0ng7Nab2QUw=
14,-1,VXjPVq9ikqZ1AKqonU+y9cHgcXo=,e5GlD5uZ8zjjEhjDoXzk7FBBv8o=
10,-1,VXjPVq9ikqZ1AKqonU+y9cHgcXo=,T3dqv4CbDX9Ghr+VYHEGirT8AX0=
12,-1,VXjPVq9ikqZ1AKqonU+y9cHgcXo=,6cEpc6PQ64mOX77uOsJjs4TTfr4=
9,-1,VXjPVq9ikqZ1AKqonU+y9cHgcXo=,r4nLsXoC0r/x6vT2zuUmZTEvJm0=
11,-1,VXjPVq9ikqZ1AKqonU+y9cHgcXo=,T3dqv4CbDX9Ghr+VYHEGirT8AX0=
5,-1,VXjPVq9ikqZ1AKqonU+y9cHgcXo=,HpwEoEUPwuYQQz9IvcQMLTT1CmI=
15,-16,VXjPVq9ikqZ1AKqonU+y9cHgcXo=,mfodGo3mPOrtdzF66RwrQWTLNgk=
8,-1,VXjPVq9ikqZ1AKqonU+y9cHgcXo=,r4nLsXoC0r/x6vT2zuUmZTEvJm0=
0,-16,VXjPVq9ikqZ1AKqonU+y9cHgcXo=,kEHt/MRA2vL5YEtc28bH25S/kwY=
7,-1,VXjPVq9ikqZ1AKqonU+y9cHgcXo=,OhgEVkCEzqGSU+KxPjVTvpYNZtA=
6,-1,VXjPVq9ikqZ1AKqonU+y9cHgcXo=,OhgEVkCEzqGSU+KxPjVTvpYNZtA=
3,-1,VXjPVq9ikqZ1AKqonU+y9cHgcXo=,bb6nkUdXflEHBpuuEKZahmjC4P8=
15,-3,VXjPVq9ikqZ1AKqonU+y9cHgcXo=,BxhRy/dbHX76l7yW1GPPvDYkOFg=
4,-1,VXjPVq9ikqZ1AKqonU+y9cHgcXo=,HpwEoEUPwuYQQz9IvcQMLTT1CmI=
15,-2,VXjPVq9ikqZ1AKqonU+y9cHgcXo=,e5GlD5uZ8zjjEhjDoXzk7FBBv8o=
15,-1,VXjPVq9ikqZ1AKqonU+y9cHgcXo=,e5GlD5uZ8zjjEhjDoXzk7FBBv8o=
1,-1,VXjPVq9ikqZ1AKqonU+y9cHgcXo=,2tdk6MCbfagTdpVU0ng7Nab2QUw=
2,-1,VXjPVq9ikqZ1AKqonU+y9cHgcXo=,bb6nkUdXflEHBpuuEKZahmjC4P8=
